Delta,Time,CPU_FREQUENCY_0,CPU_FREQUENCY_1,CPU_FREQUENCY_2,CPU_FREQUENCY_3,CPU_FREQUENCY_4,CPU_FREQUENCY_5,CPU_USAGE_0,CPU_USAGE_1,CPU_USAGE_2,CPU_USAGE_3,CPU_USAGE_4,CPU_USAGE_5,DRAM_ENERGY (J),PACKAGE_ENERGY (J),PP0_ENERGY (J),PP1_ENERGY (J),TOTAL_MEMORY,TOTAL_SWAP,USED_MEMORY,USED_SWAP
0,1742990951293,3696,3696,3696,3696,3696,3696,56.45822525024414,85.04808044433594,54.784767150878906,55.71567153930664,57.26909255981445,51.97162628173828,2690.2017822265625,46332.28662109375,33393.259338378906,0,17112264704,62914560000,7155400704,0
199,1742990951293,3696,3696,3696,3696,3696,3696,100,100,100,100,100,100,2690.205078125,46332.34637451172,33393.32507324219,0,17112264704,62914560000,7155281920,0
199,1742990951493,3696,3696,3696,3696,3696,3696,17.095108032226563,38.73700714111328,42.46595001220703,10.806282043457031,16.564483642578125,11.671066284179688,2690.3650512695313,46336.86950683594,33397.556091308594,0,17112264704,62914560000,7160918016,0
198,1742990951694,3696,3696,3696,3696,3696,3696,28.443092346191406,25.029891967773438,17.545021057128906,16.26465606689453,68.6983413696289,12.722450256347656,2690.5738525390625,46342.034912109375,33402.445068359375,0,17112264704,62914560000,7208734720,0
200,1742990951893,3696,3696,3696,3696,3696,3696,26.39183807373047,50.23057556152344,28.66473388671875,7.605613708496094,17.468223571777344,8.377647399902344,2690.7515869140625,46346.67297363281,33406.79675292969,0,17112264704,62914560000,7234068480,0
200,1742990952093,3696,3696,3696,3696,3696,3696,34.07487487792969,33.02662658691406,10.786178588867188,5.44952392578125,16.211166381835938,32.52381896972656,2690.913818359375,46351.17120361328,33411.04345703125,0,17112264704,62914560000,7276494848,0
199,1742990952294,3696,3696,3696,3696,3696,3696,9.844871520996094,52.529911041259766,48.20308303833008,1.3569564819335938,0.8679580688476563,3.311187744140625,2691.072021484375,46355.6982421875,33415.28594970703,0,17112264704,62914560000,7297056768,0
200,1742990952494,3696,3696,3696,3696,3696,3696,57.04557418823242,64.93972778320313,77.603271484375,55.36695861816406,70.70474243164063,55.046363830566406,2691.2417602539063,46363.314697265625,33422.63458251953,0,17112264704,62914560000,7426117632,0
1,1742990952694,3696,3696,3696,3696,3696,3696,76.6471176147461,78.05915069580078,65.79856872558594,61.71333312988281,67.79119873046875,61.90756607055664,2691.5236206054688,46371.10583496094,33430.12487792969,0,17112264704,62914560000,7178444800,0
