Delta,Time,CPU_FREQUENCY_0,CPU_FREQUENCY_1,CPU_FREQUENCY_2,CPU_FREQUENCY_3,CPU_FREQUENCY_4,CPU_FREQUENCY_5,CPU_USAGE_0,CPU_USAGE_1,CPU_USAGE_2,CPU_USAGE_3,CPU_USAGE_4,CPU_USAGE_5,DRAM_ENERGY (J),PACKAGE_ENERGY (J),PP0_ENERGY (J),PP1_ENERGY (J),TOTAL_MEMORY,TOTAL_SWAP,USED_MEMORY,USED_SWAP
0,1742990930119,3696,3696,3696,3696,3696,3696,100,100,100,100,100,100,2670.789306640625,45814.74108886719,32904.95715332031,0,17112264704,62914560000,7180472320,0
200,1742990930120,3696,3696,3696,3696,3696,3696,100,100,100,100,100,100,2670.7965698242188,45814.86340332031,32905.055725097656,0,17112264704,62914560000,7180337152,0
200,1742990930320,3696,3696,3696,3696,3696,3696,26.36969757080078,39.028350830078125,31.834930419921875,23.93622589111328,16.50115203857422,14.581764221191406,2670.9449462890625,45819.163024902344,32909.090270996094,0,17112264704,62914560000,7201230848,0
198,1742990930522,3696,3696,3696,3696,3696,3696,33.33312225341797,26.562667846679688,59.757225036621094,12.587257385253906,5.9571380615234375,6.442283630371094,2671.11474609375,45823.90008544922,32913.57580566406,0,17112264704,62914560000,7240454144,0
200,1742990930721,3696,3696,3696,3696,3696,3696,28.224273681640625,20.053138732910156,5.2669677734375,38.577171325683594,49.1113166809082,8.852272033691406,2671.3190307617188,45828.76745605469,32918.13610839844,0,17112264704,62914560000,7286194176,0
200,1742990930921,3696,3696,3696,3696,3696,3696,25.14598846435547,53.42020797729492,17.877723693847656,12.790336608886719,26.90619659423828,19.207290649414063,2671.5020751953125,45833.64959716797,32922.767028808594,0,17112264704,62914560000,7332913152,0
199,1742990931122,3696,3696,3696,3696,3696,3696,18.518814086914063,37.72480392456055,60.64362716674805,15.840530395507813,26.127578735351563,22.674911499023438,2671.7073364257813,45838.66131591797,32927.48046875,0,17112264704,62914560000,7302516736,0
200,1742990931322,3696,3696,3696,3696,3696,3696,52.55344772338867,52.747737884521484,46.427852630615234,47.654541015625,59.17839050292969,90.93507385253906,2671.8896484375,45845.644592285156,32934.190490722656,0,17112264704,62914560000,7438733312,0
1,1742990931522,3696,3696,3696,3696,3696,3696,68.42430114746094,80.21712493896484,67.51335144042969,67.29307556152344,65.75161743164063,68.3317642211914,2672.1221313476563,45853.48815917969,32941.748046875,0,17112264704,62914560000,7190347776,0
