Delta,Time,CPU_FREQUENCY_0,CPU_FREQUENCY_1,CPU_FREQUENCY_2,CPU_FREQUENCY_3,CPU_FREQUENCY_4,CPU_FREQUENCY_5,CPU_USAGE_0,CPU_USAGE_1,CPU_USAGE_2,CPU_USAGE_3,CPU_USAGE_4,CPU_USAGE_5,DRAM_ENERGY (J),PACKAGE_ENERGY (J),PP0_ENERGY (J),PP1_ENERGY (J),TOTAL_MEMORY,TOTAL_SWAP,USED_MEMORY,USED_SWAP
0,1742990934136,3696,3696,3696,3696,3696,3696,100,100,100,100,100,100,2674.4785766601563,45911.829833984375,32996.48077392578,0,17112264704,62914560000,7181492224,0
199,1742990934137,3696,3696,3696,3696,3696,3696,67.73619079589844,77.51641082763672,99.71458435058594,88.4804458618164,71.45301818847656,68.5196533203125,2674.4896850585938,45911.99639892578,32996.65051269531,0,17112264704,62914560000,7181524992,0
200,1742990934337,3696,3696,3696,3696,3696,3696,8.656562805175781,39.615203857421875,18.192031860351563,21.822059631347656,16.500228881835938,46.866695404052734,2674.65087890625,45916.567932128906,33000.947509765625,0,17112264704,62914560000,7212691456,0
198,1742990934539,3696,3696,3696,3696,3696,3696,12.691856384277344,28.37897491455078,4.6703338623046875,1.992401123046875,64.85887145996094,17.847396850585938,2674.8140258789063,45921.093811035156,33005.225646972656,0,17112264704,62914560000,7256375296,0
200,1742990934737,3696,3696,3696,3696,3696,3696,13.073333740234375,20.9962158203125,53.47111511230469,10.876998901367188,41.6283073425293,5.460777282714844,2674.995361328125,45925.67321777344,33009.52685546875,0,17112264704,62914560000,7289483264,0
200,1742990934938,3696,3696,3696,3696,3696,3696,35.59687805175781,42.08020782470703,11.757553100585938,36.73581314086914,15.523658752441406,46.96843719482422,2675.1964721679688,45931.48846435547,33015.051818847656,0,17112264704,62914560000,7325978624,0
200,1742990935139,3696,3696,3696,3696,3696,3696,33.53313446044922,35.0579833984375,6.8121795654296875,5.503990173339844,41.461036682128906,9.742385864257813,2675.3592529296875,45935.862854003906,33019.16729736328,0,17112264704,62914560000,7315775488,0
200,1742990935339,3696,3696,3696,3696,3696,3696,74.57429504394531,63.10463333129883,84.45771789550781,51.02362060546875,54.869598388671875,46.923370361328125,2675.6259765625,45943.537353515625,33026.538146972656,0,17112264704,62914560000,7461007360,0
2,1742990935539,3696,3696,3696,3696,3696,3696,79.11271667480469,88.64163970947266,77.47758483886719,77.71734619140625,80.01275634765625,76.61141967773438,2675.8645629882813,45952.325256347656,33035.04577636719,0,17112264704,62914560000,7191060480,0
