Delta,Time,CPU_FREQUENCY_0,CPU_FREQUENCY_1,CPU_FREQUENCY_2,CPU_FREQUENCY_3,CPU_FREQUENCY_4,CPU_FREQUENCY_5,CPU_USAGE_0,CPU_USAGE_1,CPU_USAGE_2,CPU_USAGE_3,CPU_USAGE_4,CPU_USAGE_5,DRAM_ENERGY (J),PACKAGE_ENERGY (J),PP0_ENERGY (J),PP1_ENERGY (J),TOTAL_MEMORY,TOTAL_SWAP,USED_MEMORY,USED_SWAP
0,1742990962771,3696,3696,3696,3696,3696,3696,100,100,100,100,100,100,2700.5762939453125,46610.680908203125,33655.82403564453,0,17112264704,62914560000,7148339200,0
200,1742990962771,3696,3696,3696,3696,3696,3696,100,100,100,100,100,100,2700.5792236328125,46610.73358154297,33655.882568359375,0,17112264704,62914560000,7148179456,0
200,1742990962971,3696,3696,3696,3696,3696,3696,26.655227661132813,31.859703063964844,54.06435012817383,11.588447570800781,30.91710662841797,12.893684387207031,2700.7406005859375,46615.29022216797,33660.177490234375,0,17112264704,62914560000,7170854912,0
198,1742990963173,3696,3696,3696,3696,3696,3696,22.384475708007813,46.547340393066406,7.482490539550781,34.26866149902344,22.534027099609375,11.81866455078125,2700.9135131835938,46620.08837890625,33664.69738769531,0,17112264704,62914560000,7207223296,0
200,1742990963372,3696,3696,3696,3696,3696,3696,6.804450988769531,84.28553771972656,5.707275390625,9.712333679199219,16.63587188720703,11.48675537109375,2701.077880859375,46624.522705078125,33668.86242675781,0,17112264704,62914560000,7235837952,0
200,1742990963573,3696,3696,3696,3696,3696,3696,3.2818756103515625,55.4775390625,17.748886108398438,44.471492767333984,3.4626083374023438,5.5009765625,2701.242919921875,46628.961975097656,33673.039978027344,0,17112264704,62914560000,7286956032,0
200,1742990963773,3696,3696,3696,3696,3696,3696,40.08845520019531,62.2338981628418,33.32282257080078,9.846336364746094,16.688133239746094,7.4758758544921875,2701.4345703125,46634.183044433594,33677.97351074219,0,17112264704,62914560000,7283875840,0
200,1742990963973,3696,3696,3696,3696,3696,3696,66.81507110595703,75.00149536132813,69.56649780273438,53.19204330444336,52.93356704711914,51.70502853393555,2701.6673583984375,46641.7587890625,33685.28125,0,17112264704,62914560000,7399198720,0
1,1742990964173,3696,3696,3696,3696,3696,3696,64.15531921386719,74.40206909179688,64.7918701171875,67.04066467285156,62.28577423095703,62.83295440673828,2701.9050903320313,46649.202575683594,33692.41271972656,0,17112264704,62914560000,7148195840,0
