Delta,Time,CPU_FREQUENCY_0,CPU_FREQUENCY_1,CPU_FREQUENCY_2,CPU_FREQUENCY_3,CPU_FREQUENCY_4,CPU_FREQUENCY_5,CPU_USAGE_0,CPU_USAGE_1,CPU_USAGE_2,CPU_USAGE_3,CPU_USAGE_4,CPU_USAGE_5,DRAM_ENERGY (J),PACKAGE_ENERGY (J),PP0_ENERGY (J),PP1_ENERGY (J),TOTAL_MEMORY,TOTAL_SWAP,USED_MEMORY,USED_SWAP
0,1742990958955,3696,3696,3696,3696,3696,3696,100,100,100,100,100,100,2697.0661010742188,46516.38513183594,33566.796936035156,0,17112264704,62914560000,7146532864,0
200,1742990958955,3696,3696,3696,3696,3696,3696,87.23030853271484,99.98021697998047,86.83466339111328,100,87.02738189697266,86.93995666503906,2697.069580078125,46516.44158935547,33566.855712890625,0,17112264704,62914560000,7146156032,0
200,1742990959156,3696,3696,3696,3696,3696,3696,22.093528747558594,37.26711654663086,9.71923828125,9.877769470214844,41.981483459472656,17.657073974609375,2697.2293090820313,46521.112854003906,33571.28271484375,0,17112264704,62914560000,7171301376,0
199,1742990959356,3696,3696,3696,3696,3696,3696,35.29351806640625,36.60406494140625,11.03485107421875,41.939796447753906,18.813003540039063,39.751888275146484,2697.4205932617188,46526.71057128906,33576.57098388672,0,17112264704,62914560000,7232565248,0
200,1742990959556,3696,3696,3696,3696,3696,3696,11.411346435546875,76.26669311523438,20.618606567382813,10.501235961914063,5.2812957763671875,10.239181518554688,2697.59130859375,46531.1240234375,33580.73352050781,0,17112264704,62914560000,7241519104,0
200,1742990959757,3696,3696,3696,3696,3696,3696,19.813583374023438,49.77278518676758,23.44317626953125,10.902908325195313,24.924819946289063,14.76812744140625,2697.7677001953125,46535.62432861328,33584.9462890625,0,17112264704,62914560000,7248486400,0
201,1742990959957,3696,3696,3696,3696,3696,3696,32.80290222167969,63.933555603027344,18.507423400878906,7.020965576171875,14.855384826660156,11.074073791503906,2697.9563598632813,46540.286376953125,33589.34588623047,0,17112264704,62914560000,7276224512,0
200,1742990960159,3696,3696,3696,3696,3696,3696,50.44110870361328,57.87075424194336,71.06269836425781,51.747501373291016,42.8737907409668,46.59940719604492,2698.1347045898438,46547.03430175781,33595.839111328125,0,17112264704,62914560000,7406284800,0
1,1742990960359,3696,3696,3696,3696,3696,3696,71.37313079833984,80.88080596923828,70.1080551147461,70.65660858154297,69.27835845947266,71.65423583984375,2698.3648071289063,46555.260681152344,33603.749755859375,0,17112264704,62914560000,7150432256,0
