Delta,Time,CPU_FREQUENCY_0,CPU_FREQUENCY_1,CPU_FREQUENCY_2,CPU_FREQUENCY_3,CPU_FREQUENCY_4,CPU_FREQUENCY_5,CPU_USAGE_0,CPU_USAGE_1,CPU_USAGE_2,CPU_USAGE_3,CPU_USAGE_4,CPU_USAGE_5,DRAM_ENERGY (J),PACKAGE_ENERGY (J),PP0_ENERGY (J),PP1_ENERGY (J),TOTAL_MEMORY,TOTAL_SWAP,USED_MEMORY,USED_SWAP
0,1742990953206,3696,3696,3696,3696,3696,3696,100,100,100,100,100,100,2691.9430541992188,46379.52575683594,33437.863037109375,0,17112264704,62914560000,7151669248,0
200,1742990953206,3696,3696,3696,3696,3696,3696,87.57730102539063,99.67066192626953,90.4332504272461,88.55763244628906,90.41790771484375,88.02813720703125,2691.9483642578125,46379.61102294922,33437.92364501953,0,17112264704,62914560000,7152656384,0
200,1742990953407,3696,3696,3696,3696,3696,3696,21.394371032714844,51.432186126708984,17.602813720703125,22.74134063720703,16.55060577392578,7.698341369628906,2692.1072998046875,46384.21844482422,33442.25714111328,0,17112264704,62914560000,7177195520,0
198,1742990953608,3696,3696,3696,3696,3696,3696,84.39726257324219,14.670883178710938,14.791954040527344,0.7070770263671875,10.307647705078125,7.2948455810546875,2692.270263671875,46388.88708496094,33446.65643310547,0,17112264704,62914560000,7215710208,0
200,1742990953807,3696,3696,3696,3696,3696,3696,10.111709594726563,51.12016296386719,30.493453979492188,8.687461853027344,38.28348159790039,11.422637939453125,2692.4586791992188,46393.669860839844,33451.181396484375,0,17112264704,62914560000,7253827584,0
200,1742990954007,3696,3696,3696,3696,3696,3696,16.229095458984375,77.02375793457031,7.444496154785156,2.505126953125,10.853034973144531,24.67951202392578,2692.6347045898438,46398.23077392578,33455.47332763672,0,17112264704,62914560000,7289708544,0
200,1742990954208,3696,3696,3696,3696,3696,3696,8.300323486328125,68.9408950805664,6.8857574462890625,0.89471435546875,20.87683868408203,22.797866821289063,2692.7962646484375,46402.72491455078,33459.678955078125,0,17112264704,62914560000,7269449728,0
200,1742990954408,3696,3696,3696,3696,3696,3696,73.79060363769531,81.02293395996094,62.32844543457031,55.178672790527344,55.7266960144043,58.92192840576172,2692.9774169921875,46410.54083251953,33467.221618652344,0,17112264704,62914560000,7401881600,0
2,1742990954609,3696,3696,3696,3696,3696,3696,59.53309631347656,69.96707153320313,62.85073471069336,61.479793548583984,58.82794189453125,59.43910217285156,2693.2083740234375,46417.49053955078,33473.880310058594,0,17112264704,62914560000,7150579712,0
