Delta,Time,CPU_FREQUENCY_0,CPU_FREQUENCY_1,CPU_FREQUENCY_2,CPU_FREQUENCY_3,CPU_FREQUENCY_4,CPU_FREQUENCY_5,CPU_USAGE_0,CPU_USAGE_1,CPU_USAGE_2,CPU_USAGE_3,CPU_USAGE_4,CPU_USAGE_5,DRAM_ENERGY (J),PACKAGE_ENERGY (J),PP0_ENERGY (J),PP1_ENERGY (J),TOTAL_MEMORY,TOTAL_SWAP,USED_MEMORY,USED_SWAP
0,1743631904177,3696,3696,3696,3696,3696,3696,100,100,100,100,100,100,1690.6815795898438,37410.242919921875,31486.2763671875,0,17112264704,62914560000,4668575744,0
200,1743631904177,3696,3696,3696,3696,3696,3696,100,100,100,100,100,100,1690.6864624023438,37410.333557128906,31486.35760498047,0,17112264704,62914560000,4668571648,0
200,1743631904377,3696,3696,3696,3696,3696,3696,17.334503173828125,49.46017837524414,20.183197021484375,40.956905364990234,19.075820922851563,18.943336486816406,1690.8455200195313,37414.904724121094,31490.662109375,0,17112264704,62914560000,4675022848,0
199,1743631904578,3696,3696,3696,3696,3696,3696,16.865325927734375,22.54192352294922,29.363380432128906,48.12781524658203,4.08404541015625,18.125579833984375,1691.0051879882813,37419.55358886719,31495.061767578125,0,17112264704,62914560000,4710371328,0
200,1743631904778,3696,3696,3696,3696,3696,3696,42.91575241088867,28.09339141845703,15.78125,30.62640380859375,26.60578155517578,11.88787841796875,1691.2025146484375,37424.46466064453,31499.681091308594,0,17112264704,62914560000,4748251136,0
200,1743631904978,3696,3696,3696,3696,3696,3696,26.44274139404297,42.869873046875,12.412773132324219,11.274642944335938,28.7198486328125,14.414634704589844,1691.375732421875,37429.07580566406,31504.003173828125,0,17112264704,62914560000,4793163776,0
200,1743631905179,3696,3696,3696,3696,3696,3696,12.761253356933594,73.21753692626953,17.59961700439453,4.8510284423828125,1.7172164916992188,2.1811676025390625,1691.5304565429688,37433.181579589844,31507.85919189453,0,17112264704,62914560000,4803227648,0
200,1743631905379,3696,3696,3696,3696,3696,3696,55.62693786621094,89.79045104980469,53.09206008911133,59.46543884277344,51.367279052734375,55.25015640258789,1691.7005004882813,37440.30157470703,31514.68817138672,0,17112264704,62914560000,4928004096,0
1,1743631905579,3696,3696,3696,3696,3696,3696,68.38673400878906,68.84158325195313,58.414276123046875,59.55320358276367,57.53678894042969,58.98441696166992,1691.9495239257813,37447.2158203125,31521.305419921875,0,17112264704,62914560000,4690599936,0
