Delta,Time,CPU_FREQUENCY_0,CPU_FREQUENCY_1,CPU_FREQUENCY_2,CPU_FREQUENCY_3,CPU_FREQUENCY_4,CPU_FREQUENCY_5,CPU_USAGE_0,CPU_USAGE_1,CPU_USAGE_2,CPU_USAGE_3,CPU_USAGE_4,CPU_USAGE_5,DRAM_ENERGY (J),PACKAGE_ENERGY (J),PP0_ENERGY (J),PP1_ENERGY (J),TOTAL_MEMORY,TOTAL_SWAP,USED_MEMORY,USED_SWAP
0,1743631927266,3696,3696,3696,3696,3696,3696,100,100,100,100,100,100,1711.0177001953125,37944.438415527344,31988.75457763672,0,17112264704,62914560000,4666793984,0
200,1743631927266,3696,3696,3696,3696,3696,3696,88.09965515136719,99.8203125,86.89234924316406,89.20848083496094,90.96955108642578,89.36067199707031,1711.0209350585938,37944.49249267578,31988.813598632813,0,17112264704,62914560000,4666720256,0
200,1743631927467,3696,3696,3696,3696,3696,3696,42.90856170654297,27.499313354492188,37.031532287597656,5.558013916015625,6.923439025878906,15.07470703125,1711.1762084960938,37948.886962890625,31992.942504882813,0,17112264704,62914560000,4690350080,0
200,1743631927667,3696,3696,3696,3696,3696,3696,34.74310302734375,46.115325927734375,19.12535858154297,27.585731506347656,6.846321105957031,6.7887725830078125,1711.339599609375,37953.576904296875,31997.355712890625,0,17112264704,62914560000,4709900288,0
200,1743631927867,3696,3696,3696,3696,3696,3696,21.466964721679688,65.39599609375,5.51666259765625,27.40026092529297,7.272857666015625,7.282493591308594,1711.5106201171875,37957.998779296875,32001.508850097656,0,17112264704,62914560000,4743172096,0
200,1743631928068,3696,3696,3696,3696,3696,3696,19.988792419433594,68.87816619873047,19.654808044433594,14.64898681640625,9.441551208496094,7.4032135009765625,1711.6796875,37962.58215332031,32005.839294433594,0,17112264704,62914560000,4789194752,0
200,1743631928268,3696,3696,3696,3696,3696,3696,10.919486999511719,34.9051513671875,13.416427612304688,35.148529052734375,40.2382698059082,10.247261047363281,1711.8637084960938,37967.24304199219,32010.212463378906,0,17112264704,62914560000,4801130496,0
200,1743631928469,3696,3696,3696,3696,3696,3696,56.960121154785156,71.4351577758789,61.223506927490234,62.55572509765625,66.04434204101563,54.39395523071289,1712.0293579101563,37974.385009765625,32017.102783203125,0,17112264704,62914560000,4931592192,0
1,1743631928669,3696,3696,3696,3696,3696,3696,66.11056518554688,67.26377868652344,61.542171478271484,58.26797103881836,57.367252349853516,57.605369567871094,1712.2756958007813,37981.07116699219,32023.47186279297,0,17112264704,62914560000,4690800640,0
