Delta,Time,CPU_FREQUENCY_0,CPU_FREQUENCY_1,CPU_FREQUENCY_2,CPU_FREQUENCY_3,CPU_FREQUENCY_4,CPU_FREQUENCY_5,CPU_USAGE_0,CPU_USAGE_1,CPU_USAGE_2,CPU_USAGE_3,CPU_USAGE_4,CPU_USAGE_5,DRAM_ENERGY (J),PACKAGE_ENERGY (J),PP0_ENERGY (J),PP1_ENERGY (J),TOTAL_MEMORY,TOTAL_SWAP,USED_MEMORY,USED_SWAP
0,1743631917544,3696,3696,3696,3696,3696,3696,100,100,100,100,100,100,1702.4579467773438,37719.656005859375,31777.335998535156,0,17112264704,62914560000,4663869440,0
200,1743631917544,3696,3696,3696,3696,3696,3696,88.82913208007813,99.6822738647461,88.07819366455078,94.07099914550781,90.42606353759766,88.8954849243164,1702.46142578125,37719.706481933594,31777.384216308594,0,17112264704,62914560000,4663865344,0
199,1743631917744,3696,3696,3696,3696,3696,3696,6.310966491699219,57.73887634277344,17.480430603027344,20.37195587158203,13.18853759765625,10.015243530273438,1702.614013671875,37724.052978515625,31781.454467773438,0,17112264704,62914560000,4685316096,0
198,1743631917946,3696,3696,3696,3696,3696,3696,44.22567367553711,37.100589752197266,13.416244506835938,12.241920471191406,12.224639892578125,15.565872192382813,1702.77587890625,37728.69543457031,31785.838012695313,0,17112264704,62914560000,4721053696,0
200,1743631918145,3696,3696,3696,3696,3696,3696,17.37213897705078,25.87706756591797,6.3457489013671875,43.46672058105469,35.587318420410156,11.868377685546875,1702.9517822265625,37733.236083984375,31790.109497070313,0,17112264704,62914560000,4730593280,0
200,1743631918345,3696,3696,3696,3696,3696,3696,32.99717712402344,41.088233947753906,23.955291748046875,2.8645401000976563,18.949508666992188,15.465400695800781,1703.1163940429688,37737.70300292969,31794.310791015625,0,17112264704,62914560000,4778639360,0
200,1743631918545,3696,3696,3696,3696,3696,3696,57.81563949584961,39.801727294921875,2.2800216674804688,0.6590499877929688,8.0679931640625,1.5570526123046875,1703.27294921875,37741.808837890625,31798.13299560547,0,17112264704,62914560000,4790915072,0
200,1743631918745,3696,3696,3696,3696,3696,3696,78.81011199951172,61.1732292175293,48.70855712890625,55.458858489990234,55.106746673583984,49.319725036621094,1703.447509765625,37748.760314941406,31804.835205078125,0,17112264704,62914560000,4924968960,0
1,1743631918946,3696,3696,3696,3696,3696,3696,77.15789794921875,70.74508666992188,64.18902587890625,61.75685501098633,60.86991882324219,61.18235778808594,1703.6931762695313,37756.03643798828,31811.794921875,0,17112264704,62914560000,4682780672,0
