Delta,Time,CPU_FREQUENCY_0,CPU_FREQUENCY_1,CPU_FREQUENCY_2,CPU_FREQUENCY_3,CPU_FREQUENCY_4,CPU_FREQUENCY_5,CPU_USAGE_0,CPU_USAGE_1,CPU_USAGE_2,CPU_USAGE_3,CPU_USAGE_4,CPU_USAGE_5,DRAM_ENERGY (J),PACKAGE_ENERGY (J),PP0_ENERGY (J),PP1_ENERGY (J),TOTAL_MEMORY,TOTAL_SWAP,USED_MEMORY,USED_SWAP
0,1742990964682,3696,3696,3696,3696,3696,3696,100,100,100,100,100,100,2702.3214111328125,46656.099182128906,33698.62286376953,0,17112264704,62914560000,7152611328,0
200,1742990964683,3696,3696,3696,3696,3696,3696,100,100,100,100,100,100,2702.32763671875,46656.19793701172,33698.708068847656,0,17112264704,62914560000,7153745920,0
200,1742990964883,3696,3696,3696,3696,3696,3696,18.72381591796875,44.18193435668945,56.84592819213867,25.29515838623047,13.178962707519531,10.071502685546875,2702.4890747070313,46660.813415527344,33703.06799316406,0,17112264704,62914560000,7179837440,0
198,1742990965085,3696,3696,3696,3696,3696,3696,17.311752319335938,56.091861724853516,19.411514282226563,42.57606887817383,11.43560791015625,10.178680419921875,2702.6723022460938,46665.874084472656,33707.828369140625,0,17112264704,62914560000,7215149056,0
200,1742990965284,3696,3696,3696,3696,3696,3696,12.316291809082031,55.726863861083984,21.742477416992188,23.093887329101563,20.375038146972656,8.185661315917969,2702.8469848632813,46670.52526855469,33712.20672607422,0,17112264704,62914560000,7231168512,0
200,1742990965484,3696,3696,3696,3696,3696,3696,9.11260986328125,82.57617950439453,5.3676605224609375,8.991920471191406,11.491844177246094,10.310157775878906,2703.0070190429688,46674.972900390625,33716.39990234375,0,17112264704,62914560000,7269179392,0
200,1742990965685,3696,3696,3696,3696,3696,3696,7.8504791259765625,85.81930541992188,10.639480590820313,9.224128723144531,3.4303131103515625,3.61077880859375,2703.1730346679688,46679.29870605469,33720.456970214844,0,17112264704,62914560000,7291371520,0
200,1742990965885,3696,3696,3696,3696,3696,3696,59.372467041015625,72.36593627929688,56.203548431396484,78.812744140625,55.2756233215332,59.50835037231445,2703.372802734375,46687.04345703125,33727.916442871094,0,17112264704,62914560000,7442059264,0
1,1742990966085,3696,3696,3696,3696,3696,3696,68.86670684814453,78.29814147949219,84.4921875,68.75209045410156,67.18768310546875,63.655426025390625,2703.6583862304688,46695.22119140625,33735.79278564453,0,17112264704,62914560000,7164608512,0
