Delta,Time,CPU_FREQUENCY_0,CPU_FREQUENCY_1,CPU_FREQUENCY_2,CPU_FREQUENCY_3,CPU_FREQUENCY_4,CPU_FREQUENCY_5,CPU_USAGE_0,CPU_USAGE_1,CPU_USAGE_2,CPU_USAGE_3,CPU_USAGE_4,CPU_USAGE_5,DRAM_ENERGY (J),PACKAGE_ENERGY (J),PP0_ENERGY (J),PP1_ENERGY (J),TOTAL_MEMORY,TOTAL_SWAP,USED_MEMORY,USED_SWAP
0,1742990926306,3696,3696,3696,3696,3696,3696,46.08308029174805,66.5291976928711,80.51213073730469,56.08620834350586,55.69422912597656,54.05289840698242,2667.2640380859375,45721.158264160156,32816.657470703125,0,17112264704,62914560000,7179874304,0
200,1742990926306,3696,3696,3696,3696,3696,3696,100,100,100,100,100,100,2667.2694702148438,45721.23327636719,32816.70538330078,0,17112264704,62914560000,7180718080,0
200,1742990926506,3696,3696,3696,3696,3696,3696,10.511260986328125,32.376609802246094,28.327430725097656,9.576210021972656,39.90889358520508,12.953788757324219,2667.4229736328125,45725.573303222656,32820.792724609375,0,17112264704,62914560000,7197868032,0
198,1742990926708,3696,3696,3696,3696,3696,3696,59.20429611206055,70.7624740600586,19.875274658203125,23.770126342773438,21.8314208984375,25.764244079589844,2667.6541748046875,45731.375732421875,32826.28552246094,0,17112264704,62914560000,7247556608,0
200,1742990926907,3696,3696,3696,3696,3696,3696,27.99712371826172,23.811073303222656,15.686820983886719,5.215263366699219,53.18678665161133,7.652946472167969,2667.8242797851563,45735.82897949219,32830.469970703125,0,17112264704,62914560000,7276744704,0
200,1742990927107,3696,3696,3696,3696,3696,3696,19.88336181640625,55.65373229980469,35.01222229003906,43.60445022583008,36.77482604980469,16.03350067138672,2668.055419921875,45741.40948486328,32835.774353027344,0,17112264704,62914560000,7289065472,0
199,1742990927308,3696,3696,3696,3696,3696,3696,8.781379699707031,85.80012512207031,3.742645263671875,10.721611022949219,1.8647384643554688,0.5954360961914063,2668.2118530273438,45745.47772216797,32839.56188964844,0,17112264704,62914560000,7315283968,0
200,1742990927508,3696,3696,3696,3696,3696,3696,78.0583267211914,46.9955940246582,39.28144073486328,61.10776138305664,40.498817443847656,41.21378707885742,2668.394775390625,45752.01397705078,32845.840881347656,0,17112264704,62914560000,7443943424,0
1,1742990927708,3696,3696,3696,3696,3696,3696,74.37958526611328,84.52085876464844,75.22411346435547,75.59860229492188,74.75376892089844,76.98750305175781,2668.636962890625,45760.609313964844,32854.128845214844,0,17112264704,62914560000,7202643968,0
