Delta,Time,CPU_FREQUENCY_0,CPU_FREQUENCY_1,CPU_FREQUENCY_2,CPU_FREQUENCY_3,CPU_FREQUENCY_4,CPU_FREQUENCY_5,CPU_USAGE_0,CPU_USAGE_1,CPU_USAGE_2,CPU_USAGE_3,CPU_USAGE_4,CPU_USAGE_5,DRAM_ENERGY (J),PACKAGE_ENERGY (J),PP0_ENERGY (J),PP1_ENERGY (J),TOTAL_MEMORY,TOTAL_SWAP,USED_MEMORY,USED_SWAP
0,1743631931107,3696,3696,3696,3696,3696,3696,100,100,100,100,100,100,1714.4208374023438,38033.256896972656,32072.292846679688,0,17112264704,62914560000,4662169600,0
200,1743631931107,3696,3696,3696,3696,3696,3696,91.27899169921875,96.04926300048828,97.26993560791016,99.56500244140625,91.52363586425781,91.94713592529297,1714.4267578125,38033.34014892578,32072.390258789063,0,17112264704,62914560000,4662202368,0
200,1743631931307,3696,3696,3696,3696,3696,3696,11.944580078125,62.349334716796875,11.666236877441406,26.75946807861328,11.382583618164063,21.103782653808594,1714.5864868164063,38038.03826904297,32076.80584716797,0,17112264704,62914560000,4684333056,0
198,1743631931509,3696,3696,3696,3696,3696,3696,18.771278381347656,57.64927291870117,35.82563781738281,5.785736083984375,15.735389709472656,6.706459045410156,1714.75341796875,38042.7490234375,32081.257202148438,0,17112264704,62914560000,4721152000,0
200,1743631931708,3696,3696,3696,3696,3696,3696,34.875816345214844,58.716453552246094,6.861663818359375,6.0591278076171875,24.126449584960938,5.422706604003906,1714.92236328125,38047.21887207031,32085.461791992188,0,17112264704,62914560000,4731883520,0
200,1743631931909,3696,3696,3696,3696,3696,3696,18.016563415527344,66.93801879882813,15.250007629394531,15.915473937988281,12.008468627929688,5.33282470703125,1715.0918579101563,38051.57275390625,32089.542358398438,0,17112264704,62914560000,4773908480,0
200,1743631932109,3696,3696,3696,3696,3696,3696,5.853355407714844,34.16175842285156,39.007843017578125,18.511810302734375,8.458450317382813,5.90264892578125,1715.247802734375,38055.637268066406,32093.343627929688,0,17112264704,62914560000,4787499008,0
200,1743631932309,3696,3696,3696,3696,3696,3696,57.24953842163086,53.59229278564453,58.91114044189453,63.74561309814453,50.79397964477539,75.06452178955078,1715.4644165039063,38062.91906738281,32100.33563232422,0,17112264704,62914560000,4923809792,0
1,1743631932509,3696,3696,3696,3696,3696,3696,68.67021179199219,68.89923858642578,66.802001953125,59.703975677490234,58.88126754760742,58.685203552246094,1715.726318359375,38070.07061767578,32107.17645263672,0,17112264704,62914560000,4677353472,0
