Delta,Time,CPU_FREQUENCY_0,CPU_FREQUENCY_1,CPU_FREQUENCY_2,CPU_FREQUENCY_3,CPU_FREQUENCY_4,CPU_FREQUENCY_5,CPU_USAGE_0,CPU_USAGE_1,CPU_USAGE_2,CPU_USAGE_3,CPU_USAGE_4,CPU_USAGE_5,DRAM_ENERGY (J),PACKAGE_ENERGY (J),PP0_ENERGY (J),PP1_ENERGY (J),TOTAL_MEMORY,TOTAL_SWAP,USED_MEMORY,USED_SWAP
0,1742990918635,3696,3696,3696,3696,3696,3696,100,100,100,100,100,100,2660.27099609375,45534.927978515625,32640.98809814453,0,17112264704,62914560000,7203917824,0
200,1742990918635,3696,3696,3696,3696,3696,3696,100,100,100,100,100,100,2660.2740478515625,45534.97723388672,32641.0498046875,0,17112264704,62914560000,7203950592,0
200,1742990918836,3696,3696,3696,3696,3696,3696,29.03241729736328,32.95155334472656,29.195632934570313,16.41162109375,48.37335205078125,18.440414428710938,2660.4404296875,45539.62548828125,32645.40997314453,0,17112264704,62914560000,7211884544,0
198,1742990919038,3696,3696,3696,3696,3696,3696,29.373313903808594,22.28527069091797,32.67497253417969,32.347938537597656,5.388969421386719,16.799087524414063,2660.6060791015625,45544.313720703125,32649.82257080078,0,17112264704,62914560000,7245729792,0
200,1742990919237,3696,3696,3696,3696,3696,3696,19.827171325683594,27.10779571533203,28.605918884277344,17.969329833984375,22.878082275390625,10.533836364746094,2660.7694091796875,45548.77014160156,32654.01007080078,0,17112264704,62914560000,7283146752,0
200,1742990919437,3696,3696,3696,3696,3696,3696,12.022216796875,40.437252044677734,55.152915954589844,18.65967559814453,5.222862243652344,8.219444274902344,2660.9384155273438,45553.333251953125,32658.31622314453,0,17112264704,62914560000,7322234880,0
200,1742990919638,3696,3696,3696,3696,3696,3696,32.864585876464844,67.09541320800781,15.306892395019531,10.206710815429688,11.626960754394531,9.235282897949219,2661.1273193359375,45558.00439453125,32662.711791992188,0,17112264704,62914560000,7334846464,0
200,1742990919838,3696,3696,3696,3696,3696,3696,77.80401611328125,61.44619369506836,81.0128402709961,63.61321258544922,58.02490997314453,63.03192901611328,2661.34765625,45565.836364746094,32670.27459716797,0,17112264704,62914560000,7469359104,0
1,1742990920038,3696,3696,3696,3696,3696,3696,70.82640075683594,80.53431701660156,74.10842895507813,73.14566802978516,67.98334503173828,76.48536682128906,2661.6016845703125,45574.16564941406,32678.28985595703,0,17112264704,62914560000,7242752000,0
