Delta,Time,CPU_FREQUENCY_0,CPU_FREQUENCY_1,CPU_FREQUENCY_2,CPU_FREQUENCY_3,CPU_FREQUENCY_4,CPU_FREQUENCY_5,CPU_USAGE_0,CPU_USAGE_1,CPU_USAGE_2,CPU_USAGE_3,CPU_USAGE_4,CPU_USAGE_5,DRAM_ENERGY (J),PACKAGE_ENERGY (J),PP0_ENERGY (J),PP1_ENERGY (J),TOTAL_MEMORY,TOTAL_SWAP,USED_MEMORY,USED_SWAP
0,1742990949389,3696,3696,3696,3696,3696,3696,24.437538146972656,57.01234817504883,30.207382202148438,29.288681030273438,50.46770477294922,32.18163299560547,2688.4777221679688,46285.91198730469,33349.49365234375,0,17112264704,62914560000,7140507648,0
200,1742990949389,3696,3696,3696,3696,3696,3696,100,100,100,100,100,100,2688.4812622070313,46285.96026611328,33349.540466308594,0,17112264704,62914560000,7140020224,0
200,1742990949589,3696,3696,3696,3696,3696,3696,8.091911315917969,34.89624786376953,59.26155090332031,6.2633209228515625,12.489517211914063,11.125770568847656,2688.6284790039063,46290.21130371094,33353.53894042969,0,17112264704,62914560000,7164985344,0
198,1742990949791,3696,3696,3696,3696,3696,3696,32.98374938964844,30.11811065673828,5.624397277832031,39.83909225463867,56.30278396606445,14.408279418945313,2688.840087890625,46295.647033691406,33358.67803955078,0,17112264704,62914560000,7209304064,0
200,1742990949990,3696,3696,3696,3696,3696,3696,11.642173767089844,46.884254455566406,14.352615356445313,30.890869140625,27.54712677001953,6.733879089355469,2689.0156860351563,46300.220764160156,33362.9853515625,0,17112264704,62914560000,7242973184,0
200,1742990950190,3696,3696,3696,3696,3696,3696,6.8964691162109375,24.94945526123047,42.33283996582031,55.65886688232422,5.66021728515625,8.123771667480469,2689.1862182617188,46304.914123535156,33367.400817871094,0,17112264704,62914560000,7252414464,0
199,1742990950390,3696,3696,3696,3696,3696,3696,3.1750335693359375,31.319183349609375,66.2844009399414,10.293426513671875,4.481178283691406,2.0208969116210938,2689.3442993164063,46309.122497558594,33371.35095214844,0,17112264704,62914560000,7272452096,0
200,1742990950590,3696,3696,3696,3696,3696,3696,61.19514846801758,72.05040740966797,55.773441314697266,53.60189437866211,67.61310577392578,53.00993347167969,2689.537841796875,46316.472717285156,33378.42297363281,0,17112264704,62914560000,7421485056,0
1,1742990950790,3696,3696,3696,3696,3696,3696,69.76812744140625,79.82716369628906,70.5880126953125,71.74552917480469,69.77617645263672,71.58097076416016,2689.8192138671875,46324.765197753906,33386.409729003906,0,17112264704,62914560000,7157166080,0
