Delta,Time,CPU_FREQUENCY_0,CPU_FREQUENCY_1,CPU_FREQUENCY_2,CPU_FREQUENCY_3,CPU_FREQUENCY_4,CPU_FREQUENCY_5,CPU_USAGE_0,CPU_USAGE_1,CPU_USAGE_2,CPU_USAGE_3,CPU_USAGE_4,CPU_USAGE_5,DRAM_ENERGY (J),PACKAGE_ENERGY (J),PP0_ENERGY (J),PP1_ENERGY (J),TOTAL_MEMORY,TOTAL_SWAP,USED_MEMORY,USED_SWAP
0,1743631902262,3696,3696,3696,3696,3696,3696,100,100,100,100,100,100,1689.013427734375,37364.77197265625,31443.412231445313,0,17112264704,62914560000,4676825088,0
199,1743631902263,3696,3696,3696,3696,3696,3696,100,100,100,100,100,100,1689.0161743164063,37364.82409667969,31443.471252441406,0,17112264704,62914560000,4676997120,0
199,1743631902463,3696,3696,3696,3696,3696,3696,15.4127197265625,52.42557144165039,23.90428924560547,14.956550598144531,14.394981384277344,38.63874053955078,1689.1693115234375,37369.231689453125,31447.62188720703,0,17112264704,62914560000,4700827648,0
199,1743631902663,3696,3696,3696,3696,3696,3696,11.365875244140625,39.86425018310547,11.2950439453125,45.1693229675293,22.2528076171875,7.1539154052734375,1689.3299560546875,37373.87567138672,31452.00323486328,0,17112264704,62914560000,4736577536,0
200,1743631902863,3696,3696,3696,3696,3696,3696,10.558708190917969,18.635208129882813,11.838768005371094,54.39025115966797,5.705146789550781,30.798133850097656,1689.501953125,37378.2529296875,31456.101684570313,0,17112264704,62914560000,4767289344,0
200,1743631903063,3696,3696,3696,3696,3696,3696,12.241607666015625,93.20539855957031,6.884895324707031,3.522918701171875,11.202232360839844,11.437705993652344,1689.6739501953125,37382.78790283203,31460.351318359375,0,17112264704,62914560000,4771872768,0
200,1743631903264,3696,3696,3696,3696,3696,3696,10.958274841308594,78.24407196044922,2.16851806640625,16.127914428710938,2.9495620727539063,5.5103302001953125,1689.8299560546875,37386.88543701172,31464.17449951172,0,17112264704,62914560000,4791554048,0
200,1743631903464,3696,3696,3696,3696,3696,3696,62.90304946899414,68.73991394042969,58.433250427246094,57.380332946777344,75.93390655517578,62.297637939453125,1690.0047607421875,37394.238220214844,31471.30401611328,0,17112264704,62914560000,4918263808,0
1,1743631903665,3696,3696,3696,3696,3696,3696,66.06605529785156,65.00489807128906,56.866947174072266,55.478904724121094,54.77408981323242,56.741798400878906,1690.2550659179688,37400.93768310547,31477.65887451172,0,17112264704,62914560000,4677947392,0
