Delta,Time,CPU_FREQUENCY_0,CPU_FREQUENCY_1,CPU_FREQUENCY_2,CPU_FREQUENCY_3,CPU_FREQUENCY_4,CPU_FREQUENCY_5,CPU_USAGE_0,CPU_USAGE_1,CPU_USAGE_2,CPU_USAGE_3,CPU_USAGE_4,CPU_USAGE_5,DRAM_ENERGY (J),PACKAGE_ENERGY (J),PP0_ENERGY (J),PP1_ENERGY (J),TOTAL_MEMORY,TOTAL_SWAP,USED_MEMORY,USED_SWAP
0,1743631936833,3696,3696,3696,3696,3696,3696,100,100,100,100,100,100,1719.49658203125,38166.29766845703,32197.484436035156,0,17112264704,62914560000,4665827328,0
200,1743631936833,3696,3696,3696,3696,3696,3696,100,100,100,100,100,100,1719.5021362304688,38166.38262939453,32197.560913085938,0,17112264704,62914560000,4665724928,0
200,1743631937033,3696,3696,3696,3696,3696,3696,15.985023498535156,50.398902893066406,15.033729553222656,37.131099700927734,15.58331298828125,24.41241455078125,1719.6563110351563,38170.770446777344,32201.66766357422,0,17112264704,62914560000,4692131840,0
200,1743631937234,3696,3696,3696,3696,3696,3696,9.973213195800781,54.89030456542969,45.09617233276367,9.213737487792969,25.71337890625,7.4291534423828125,1719.8201904296875,38175.579040527344,32206.22149658203,0,17112264704,62914560000,4711878656,0
200,1743631937434,3696,3696,3696,3696,3696,3696,12.552947998046875,30.151145935058594,26.43769073486328,25.95514678955078,23.167686462402344,12.088607788085938,1719.9871215820313,38179.90118408203,32210.259887695313,0,17112264704,62914560000,4737589248,0
199,1743631937635,3696,3696,3696,3696,3696,3696,13.980155944824219,77.11149597167969,21.825157165527344,16.31793975830078,22.715309143066406,35.413185119628906,1720.2100219726563,38185.179626464844,32215.2626953125,0,17112264704,62914560000,4786782208,0
199,1743631937835,3696,3696,3696,3696,3696,3696,42.95758056640625,60.86373519897461,3.7231521606445313,0.9693222045898438,0.44207763671875,3.0253753662109375,1720.362548828125,38189.396728515625,32219.214111328125,0,17112264704,62914560000,4798967808,0
200,1743631938035,3696,3696,3696,3696,3696,3696,45.62204360961914,50.106163024902344,80.41842651367188,58.347904205322266,44.759586334228516,47.78815460205078,1720.544189453125,38196.13800048828,32225.71124267578,0,17112264704,62914560000,4931547136,0
1,1743631938235,3696,3696,3696,3696,3696,3696,75.98318481445313,75.05210876464844,68.15914154052734,66.13307189941406,65.15898132324219,64.80499267578125,1720.791748046875,38203.67858886719,32232.921875,0,17112264704,62914560000,4689883136,0
