Delta,Time,CPU_FREQUENCY_0,CPU_FREQUENCY_1,CPU_FREQUENCY_2,CPU_FREQUENCY_3,CPU_FREQUENCY_4,CPU_FREQUENCY_5,CPU_USAGE_0,CPU_USAGE_1,CPU_USAGE_2,CPU_USAGE_3,CPU_USAGE_4,CPU_USAGE_5,DRAM_ENERGY (J),PACKAGE_ENERGY (J),PP0_ENERGY (J),PP1_ENERGY (J),TOTAL_MEMORY,TOTAL_SWAP,USED_MEMORY,USED_SWAP
0,1742990936033,3696,3696,3696,3696,3696,3696,100,100,100,100,100,100,2676.2623901367188,45959.39001464844,33041.42755126953,0,17112264704,62914560000,7198404608,0
200,1742990936034,3696,3696,3696,3696,3696,3696,82.97661590576172,99.94564819335938,84.16219329833984,90.95275115966797,80.85612487792969,84.36682891845703,2676.2696533203125,45959.51251220703,33041.52520751953,0,17112264704,62914560000,7198334976,0
200,1742990936234,3696,3696,3696,3696,3696,3696,28.064659118652344,31.83112335205078,21.834381103515625,18.84278106689453,33.50102996826172,12.292831420898438,2676.4324340820313,45964.11346435547,33045.8798828125,0,17112264704,62914560000,7220506624,0
199,1742990936436,3696,3696,3696,3696,3696,3696,45.879032135009766,24.438446044921875,38.26352310180664,1.7371826171875,17.933792114257813,10.8958740234375,2676.5997924804688,45968.80975341797,33050.28845214844,0,17112264704,62914560000,7260393472,0
200,1742990936635,3696,3696,3696,3696,3696,3696,18.833709716796875,43.55533218383789,37.05861282348633,5.557769775390625,28.60442352294922,20.38410186767578,2676.783935546875,45973.512939453125,33054.72930908203,0,17112264704,62914560000,7269920768,0
200,1742990936836,3696,3696,3696,3696,3696,3696,26.97216796875,35.9642333984375,31.27466583251953,24.6292724609375,7.800376892089844,5.418365478515625,2676.9534912109375,45978.04040527344,33058.980895996094,0,17112264704,62914560000,7317753856,0
200,1742990937036,3696,3696,3696,3696,3696,3696,1.856231689453125,95.3944320678711,7.236083984375,1.5463790893554688,3.8669891357421875,4.580986022949219,2677.1099243164063,45982.16229248047,33062.820556640625,0,17112264704,62914560000,7333007360,0
200,1742990937237,3696,3696,3696,3696,3696,3696,52.34122848510742,87.02344512939453,53.177215576171875,51.9312629699707,57.81294631958008,58.47434616088867,2677.2839965820313,45989.43273925781,33069.82550048828,0,17112264704,62914560000,7461928960,0
1,1742990937437,3696,3696,3696,3696,3696,3696,63.98952865600586,73.35602569580078,64.98992156982422,62.92991256713867,61.84208297729492,61.61561584472656,2677.51611328125,45996.64660644531,33076.75158691406,0,17112264704,62914560000,7210180608,0
