Delta,Time,CPU_FREQUENCY_0,CPU_FREQUENCY_1,CPU_FREQUENCY_2,CPU_FREQUENCY_3,CPU_FREQUENCY_4,CPU_FREQUENCY_5,CPU_USAGE_0,CPU_USAGE_1,CPU_USAGE_2,CPU_USAGE_3,CPU_USAGE_4,CPU_USAGE_5,DRAM_ENERGY (J),PACKAGE_ENERGY (J),PP0_ENERGY (J),PP1_ENERGY (J),TOTAL_MEMORY,TOTAL_SWAP,USED_MEMORY,USED_SWAP
0,1742990937954,3696,3696,3696,3696,3696,3696,100,100,100,100,100,100,2677.9728393554688,46004.738830566406,33084.12420654297,0,17112264704,62914560000,7190958080,0
200,1742990937954,3696,3696,3696,3696,3696,3696,93.37954711914063,97.99781036376953,91.72650909423828,91.03588104248047,87.95170593261719,88.19214630126953,2677.976318359375,46004.797607421875,33084.18884277344,0,17112264704,62914560000,7190777856,0
200,1742990938155,3696,3696,3696,3696,3696,3696,17.039817810058594,42.29497146606445,47.95207214355469,10.817756652832031,9.011238098144531,8.24847412109375,2678.1337890625,46009.285583496094,33088.39855957031,0,17112264704,62914560000,7215407104,0
199,1742990938355,3696,3696,3696,3696,3696,3696,27.812400817871094,44.31657409667969,25.11383819580078,19.909568786621094,40.625244140625,26.2545166015625,2678.3487548828125,46014.800354003906,33093.62658691406,0,17112264704,62914560000,7223324672,0
200,1742990938555,3696,3696,3696,3696,3696,3696,48.633670806884766,37.26741027832031,10.768478393554688,23.191177368164063,10.253898620605469,6.009834289550781,2678.5267333984375,46019.28839111328,33097.87048339844,0,17112264704,62914560000,7253676032,0
200,1742990938755,3696,3696,3696,3696,3696,3696,31.494102478027344,44.6746826171875,33.834327697753906,3.9253082275390625,20.925674438476563,4.414558410644531,2678.7055053710938,46023.86926269531,33102.15740966797,0,17112264704,62914560000,7292125184,0
200,1742990938956,3696,3696,3696,3696,3696,3696,10.881744384765625,70.73753356933594,27.949119567871094,4.3297119140625,1.5071868896484375,7.441650390625,2678.8661499023438,46028.05615234375,33106.060546875,0,17112264704,62914560000,7305482240,0
200,1742990939156,3696,3696,3696,3696,3696,3696,54.50829315185547,92.24681091308594,53.07316207885742,63.507118225097656,54.487205505371094,54.87205123901367,2679.0452270507813,46035.40362548828,33113.169921875,0,17112264704,62914560000,7443320832,0
1,1742990939357,3696,3696,3696,3696,3696,3696,69.76322937011719,71.96621704101563,64.43536376953125,64.29558563232422,72.24395751953125,62.597835540771484,2679.3095703125,46042.99346923828,33120.42614746094,0,17112264704,62914560000,7153373184,0
