Delta,Time,CPU_FREQUENCY_0,CPU_FREQUENCY_1,CPU_FREQUENCY_2,CPU_FREQUENCY_3,CPU_FREQUENCY_4,CPU_FREQUENCY_5,CPU_USAGE_0,CPU_USAGE_1,CPU_USAGE_2,CPU_USAGE_3,CPU_USAGE_4,CPU_USAGE_5,DRAM_ENERGY (J),PACKAGE_ENERGY (J),PP0_ENERGY (J),PP1_ENERGY (J),TOTAL_MEMORY,TOTAL_SWAP,USED_MEMORY,USED_SWAP
0,1742990928202,3696,3696,3696,3696,3696,3696,100,100,100,100,100,100,2669.01611328125,45767.59375,32860.454833984375,0,17112264704,62914560000,7202082816,0
200,1742990928202,3696,3696,3696,3696,3696,3696,100,100,100,100,100,100,2669.0208129882813,45767.671142578125,32860.51251220703,0,17112264704,62914560000,7202050048,0
199,1742990928403,3696,3696,3696,3696,3696,3696,11.750473022460938,44.11442565917969,33.748046875,18.423171997070313,37.440269470214844,16.484161376953125,2669.1734008789063,45772.127685546875,32864.70574951172,0,17112264704,62914560000,7206522880,0
200,1742990928603,3696,3696,3696,3696,3696,3696,54.21306610107422,58.86412811279297,33.21696472167969,9.202545166015625,3.9709243774414063,9.463180541992188,2669.3797607421875,45777.312561035156,32869.610778808594,0,17112264704,62914560000,7250870272,0
200,1742990928803,3696,3696,3696,3696,3696,3696,19.77843475341797,20.185409545898438,63.4101676940918,29.091949462890625,28.7486572265625,22.913047790527344,2669.57177734375,45782.675720214844,32874.699768066406,0,17112264704,62914560000,7302094848,0
200,1742990929004,3696,3696,3696,3696,3696,3696,9.823043823242188,30.643997192382813,34.467567443847656,28.542709350585938,26.584304809570313,17.313743591308594,2669.7515869140625,45787.32843017578,32879.06640625,0,17112264704,62914560000,7319482368,0
200,1742990929204,3696,3696,3696,3696,3696,3696,13.933929443359375,91.76577758789063,21.923080444335938,8.224685668945313,10.886039733886719,16.08221435546875,2669.9662475585938,45792.348205566406,32883.804931640625,0,17112264704,62914560000,7341297664,0
200,1742990929404,3696,3696,3696,3696,3696,3696,51.03952407836914,95.0556640625,47.18878936767578,46.39127731323242,45.11383056640625,49.013580322265625,2670.1322631835938,45799.25469970703,32890.473083496094,0,17112264704,62914560000,7472984064,0
1,1742990929605,3696,3696,3696,3696,3696,3696,72.23137664794922,76.05323028564453,69.22322845458984,66.17672729492188,65.47310638427734,66.6584701538086,2670.379150390625,45806.99444580078,32897.887756347656,0,17112264704,62914560000,7228481536,0
