Delta,Time,CPU_FREQUENCY_0,CPU_FREQUENCY_1,CPU_FREQUENCY_2,CPU_FREQUENCY_3,CPU_FREQUENCY_4,CPU_FREQUENCY_5,CPU_USAGE_0,CPU_USAGE_1,CPU_USAGE_2,CPU_USAGE_3,CPU_USAGE_4,CPU_USAGE_5,DRAM_ENERGY (J),PACKAGE_ENERGY (J),PP0_ENERGY (J),PP1_ENERGY (J),TOTAL_MEMORY,TOTAL_SWAP,USED_MEMORY,USED_SWAP
0,1742990924396,3696,3696,3696,3696,3696,3696,41.8730583190918,59.19084930419922,73.62128448486328,46.714698791503906,89.13015747070313,49.070556640625,2665.5315551757813,45675.154541015625,32773.295654296875,0,17112264704,62914560000,7186694144,0
199,1742990924396,3696,3696,3696,3696,3696,3696,0,100,100,0,0,97.08694458007813,2665.5368041992188,45675.255615234375,32773.37030029297,0,17112264704,62914560000,7187447808,0
200,1742990924596,3696,3696,3696,3696,3696,3696,29.873199462890625,48.17707061767578,22.26795196533203,17.13916015625,32.570045471191406,13.886764526367188,2665.732177734375,45680.244140625,32778.06848144531,0,17112264704,62914560000,7208927232,0
198,1742990924798,3696,3696,3696,3696,3696,3696,11.157249450683594,19.672035217285156,53.017948150634766,17.18755340576172,9.3662109375,32.16736602783203,2665.9002075195313,45685.0927734375,32782.64367675781,0,17112264704,62914560000,7244709888,0
200,1742990924997,3696,3696,3696,3696,3696,3696,38.62303161621094,40.09477996826172,31.642555236816406,23.157196044921875,47.09878921508789,21.552749633789063,2666.137451171875,45690.480407714844,32787.76501464844,0,17112264704,62914560000,7283490816,0
200,1742990925197,3696,3696,3696,3696,3696,3696,3.2862930297851563,53.99739456176758,4.58221435546875,11.327850341796875,47.209529876708984,9.066207885742188,2666.3008422851563,45694.94647216797,32791.951721191406,0,17112264704,62914560000,7321649152,0
200,1742990925398,3696,3696,3696,3696,3696,3696,41.56007385253906,26.398963928222656,15.853042602539063,25.86620330810547,5.329994201660156,4.50018310546875,2666.46240234375,45699.14270019531,32795.88049316406,0,17112264704,62914560000,7339155456,0
200,1742990925599,3696,3696,3696,3696,3696,3696,52.01493835449219,83.24154663085938,52.077980041503906,71.35511779785156,49.58280944824219,51.005615234375,2666.64013671875,45706.35040283203,32802.796875,0,17112264704,62914560000,7434977280,0
1,1742990925799,3696,3696,3696,3696,3696,3696,67.66471862792969,77.56475830078125,68.78762817382813,66.70745849609375,65.52629852294922,69.38566589355469,2666.8742065429688,45714.15362548828,32810.318908691406,0,17112264704,62914560000,7188480000,0
