Delta,Time,CPU_FREQUENCY_0,CPU_FREQUENCY_1,CPU_FREQUENCY_2,CPU_FREQUENCY_3,CPU_FREQUENCY_4,CPU_FREQUENCY_5,CPU_USAGE_0,CPU_USAGE_1,CPU_USAGE_2,CPU_USAGE_3,CPU_USAGE_4,CPU_USAGE_5,DRAM_ENERGY (J),PACKAGE_ENERGY (J),PP0_ENERGY (J),PP1_ENERGY (J),TOTAL_MEMORY,TOTAL_SWAP,USED_MEMORY,USED_SWAP
0,1743631950149,3696,3696,3696,3696,3696,3696,100,100,100,100,100,100,1731.2051391601563,38475.287536621094,32488.200744628906,0,17112264704,62914560000,4661338112,0
200,1743631950149,3696,3696,3696,3696,3696,3696,100,100,100,100,100,100,1731.2086181640625,38475.33801269531,32488.248596191406,0,17112264704,62914560000,4661514240,0
199,1743631950350,3696,3696,3696,3696,3696,3696,16.204452514648438,52.66120910644531,19.93157958984375,44.202423095703125,14.350555419921875,9.331863403320313,1731.361328125,38479.63507080078,32492.270629882813,0,17112264704,62914560000,4683980800,0
198,1743631950551,3696,3696,3696,3696,3696,3696,26.98534393310547,76.41807556152344,4.0185394287109375,12.111335754394531,10.056846618652344,9.958122253417969,1731.5236206054688,38484.193603515625,32496.569091796875,0,17112264704,62914560000,4719648768,0
200,1743631950750,3696,3696,3696,3696,3696,3696,14.807785034179688,39.0014533996582,5.354766845703125,36.03753662109375,10.535255432128906,40.90268325805664,1731.6982421875,38488.737365722656,32500.820251464844,0,17112264704,62914560000,4750774272,0
200,1743631950950,3696,3696,3696,3696,3696,3696,32.65126037597656,83.04287719726563,21.643463134765625,16.580154418945313,10.128425598144531,20.466171264648438,1731.9173583984375,38494.0478515625,32505.85986328125,0,17112264704,62914560000,4769001472,0
200,1743631951151,3696,3696,3696,3696,3696,3696,9.619316101074219,39.68037796020508,1.48406982421875,9.73504638671875,52.83829879760742,1.1187362670898438,1732.07275390625,38498.14514160156,32509.700073242188,0,17112264704,62914560000,4782850048,0
200,1743631951351,3696,3696,3696,3696,3696,3696,46.225868225097656,69.93574523925781,52.06796646118164,63.028263092041016,50.24122619628906,49.3049430847168,1732.2460327148438,38504.95520019531,32516.245971679688,0,17112264704,62914560000,4910915584,0
1,1743631951552,3696,3696,3696,3696,3696,3696,70.56015014648438,72.38605499267578,66.39820861816406,62.80290985107422,61.72711944580078,65.61970520019531,1732.4911499023438,38512.2255859375,32523.196899414063,0,17112264704,62914560000,4674932736,0
