Delta,Time,CPU_FREQUENCY_0,CPU_FREQUENCY_1,CPU_FREQUENCY_2,CPU_FREQUENCY_3,CPU_FREQUENCY_4,CPU_FREQUENCY_5,CPU_USAGE_0,CPU_USAGE_1,CPU_USAGE_2,CPU_USAGE_3,CPU_USAGE_4,CPU_USAGE_5,DRAM_ENERGY (J),PACKAGE_ENERGY (J),PP0_ENERGY (J),PP1_ENERGY (J),TOTAL_MEMORY,TOTAL_SWAP,USED_MEMORY,USED_SWAP
0,1742990912895,3696,3696,3696,3696,3696,3696,100,100,100,100,100,100,2655.0787963867188,45393.579528808594,32507.5751953125,0,17112264704,62914560000,7216758784,0
200,1742990912895,3696,3696,3696,3696,3696,3696,87.45523834228516,99.91558837890625,92.0064468383789,86.91231536865234,87.62086486816406,90.37576293945313,2655.0841064453125,45393.66613769531,32507.630432128906,0,17112264704,62914560000,7216672768,0
200,1742990913095,3696,3696,3696,3696,3696,3696,5.0393524169921875,37.497310638427734,54.25653076171875,6.6136322021484375,4.5275115966796875,14.825439453125,2655.2353515625,45397.92950439453,32511.641662597656,0,17112264704,62914560000,7239503872,0
200,1742990913296,3696,3696,3696,3696,3696,3696,30.505355834960938,59.48575973510742,35.508750915527344,7.1155242919921875,9.192146301269531,28.47856903076172,2655.4190673828125,45403.11358642578,32516.5615234375,0,17112264704,62914560000,7235657728,0
200,1742990913496,3696,3696,3696,3696,3696,3696,35.211669921875,33.292266845703125,49.21359634399414,16.247024536132813,12.755805969238281,30.349227905273438,2655.6107177734375,45408.433837890625,32521.585876464844,0,17112264704,62914560000,7287709696,0
199,1742990913696,3696,3696,3696,3696,3696,3696,58.1866455078125,64.22940063476563,29.9395751953125,15.807861328125,15.532112121582031,42.225887298583984,2655.8099975585938,45414.58093261719,32527.450622558594,0,17112264704,62914560000,7310692352,0
199,1742990913896,3696,3696,3696,3696,3696,3696,0.5403671264648438,6.4744415283203125,88.06471252441406,3.076202392578125,11.134986877441406,8.613937377929688,2655.968505859375,45418.820556640625,32531.443237304688,0,17112264704,62914560000,7322136576,0
200,1742990914097,3696,3696,3696,3696,3696,3696,45.575191497802734,59.34581756591797,64.52630615234375,52.942283630371094,60.35340881347656,47.57822799682617,2656.1404418945313,45425.489807128906,32537.873168945313,0,17112264704,62914560000,7457607680,0
1,1742990914297,3696,3696,3696,3696,3696,3696,69.03965759277344,79.25311279296875,71.5760726928711,70.49203491210938,69.97919464111328,68.63435363769531,2656.3800048828125,45433.56884765625,32545.611083984375,0,17112264704,62914560000,7208570880,0
