Delta,Time,CPU_FREQUENCY_0,CPU_FREQUENCY_1,CPU_FREQUENCY_2,CPU_FREQUENCY_3,CPU_FREQUENCY_4,CPU_FREQUENCY_5,CPU_USAGE_0,CPU_USAGE_1,CPU_USAGE_2,CPU_USAGE_3,CPU_USAGE_4,CPU_USAGE_5,DRAM_ENERGY (J),PACKAGE_ENERGY (J),PP0_ENERGY (J),PP1_ENERGY (J),TOTAL_MEMORY,TOTAL_SWAP,USED_MEMORY,USED_SWAP
0,1742990947491,3696,3696,3696,3696,3696,3696,100,100,100,100,100,100,2686.7239379882813,46239.02795410156,33305.239013671875,0,17112264704,62914560000,7133790208,0
200,1742990947491,3696,3696,3696,3696,3696,3696,100,100,100,100,100,100,2686.7274780273438,46239.0810546875,33305.29461669922,0,17112264704,62914560000,7133929472,0
200,1742990947691,3696,3696,3696,3696,3696,3696,42.13776779174805,35.16693878173828,33.60350799560547,16.48615264892578,14.153152465820313,30.92766571044922,2686.93408203125,46244.14636230469,33310.084533691406,0,17112264704,62914560000,7164153856,0
198,1742990947893,3696,3696,3696,3696,3696,3696,30.067626953125,49.25507736206055,34.925506591796875,6.4164886474609375,11.493453979492188,12.6427001953125,2687.108642578125,46248.90643310547,33314.55487060547,0,17112264704,62914560000,7200473088,0
200,1742990948092,3696,3696,3696,3696,3696,3696,36.357295989990234,35.07555389404297,10.248443603515625,3.119293212890625,39.70189666748047,12.239509582519531,2687.2774658203125,46253.44958496094,33318.82958984375,0,17112264704,62914560000,7241510912,0
200,1742990948292,3696,3696,3696,3696,3696,3696,24.233863830566406,60.03931427001953,32.22593688964844,4.063606262207031,14.925941467285156,3.3082656860351563,2687.44287109375,46258.04278564453,33323.16131591797,0,17112264704,62914560000,7277035520,0
200,1742990948493,3696,3696,3696,3696,3696,3696,4.800865173339844,36.434452056884766,56.405982971191406,31.252716064453125,8.080863952636719,15.33355712890625,2687.6231079101563,46263.060974121094,33327.893005371094,0,17112264704,62914560000,7316668416,0
200,1742990948693,3696,3696,3696,3696,3696,3696,63.39723587036133,87.57039642333984,67.38136291503906,57.49984359741211,63.659820556640625,58.6735954284668,2687.8612060546875,46271.0791015625,33335.64025878906,0,17112264704,62914560000,7431827456,0
1,1742990948893,3696,3696,3696,3696,3696,3696,68.06901550292969,78.00502014160156,69.47987365722656,67.56808471679688,67.25814819335938,67.17356872558594,2688.1047973632813,46278.91766357422,33343.17352294922,0,17112264704,62914560000,7138652160,0
