Delta,Time,CPU_FREQUENCY_0,CPU_FREQUENCY_1,CPU_FREQUENCY_2,CPU_FREQUENCY_3,CPU_FREQUENCY_4,CPU_FREQUENCY_5,CPU_USAGE_0,CPU_USAGE_1,CPU_USAGE_2,CPU_USAGE_3,CPU_USAGE_4,CPU_USAGE_5,DRAM_ENERGY (J),PACKAGE_ENERGY (J),PP0_ENERGY (J),PP1_ENERGY (J),TOTAL_MEMORY,TOTAL_SWAP,USED_MEMORY,USED_SWAP
0,1743631906092,3696,3696,3696,3696,3696,3696,100,100,100,100,100,100,1692.367431640625,37454.302001953125,31527.707458496094,0,17112264704,62914560000,4657995776,0
200,1743631906092,3696,3696,3696,3696,3696,3696,90.16998291015625,99.1385726928711,88.23224639892578,92.33283233642578,87.31645965576172,90.96874237060547,1692.3724975585938,37454.386291503906,31527.769592285156,0,17112264704,62914560000,4657897472,0
200,1743631906293,3696,3696,3696,3696,3696,3696,11.110664367675781,57.45213317871094,7.875724792480469,33.45167541503906,12.714675903320313,10.278213500976563,1692.5232543945313,37458.747985839844,31531.885986328125,0,17112264704,62914560000,4683001856,0
200,1743631906493,3696,3696,3696,3696,3696,3696,13.778167724609375,43.693580627441406,55.383277893066406,17.86705780029297,5.8875274658203125,6.135505676269531,1692.6897583007813,37463.366943359375,31536.2373046875,0,17112264704,62914560000,4717879296,0
200,1743631906693,3696,3696,3696,3696,3696,3696,25.922889709472656,24.823516845703125,33.4068603515625,36.95803451538086,2.6883926391601563,2.2383499145507813,1692.85546875,37467.68029785156,31540.259338378906,0,17112264704,62914560000,4748185600,0
200,1743631906894,3696,3696,3696,3696,3696,3696,18.43267059326172,59.55636978149414,25.489730834960938,28.04535675048828,3.6545639038085938,4.692726135253906,1693.0245971679688,37472.22149658203,31544.54132080078,0,17112264704,62914560000,4796993536,0
200,1743631907094,3696,3696,3696,3696,3696,3696,8.084190368652344,36.22039031982422,8.679267883300781,1.891571044921875,2.3608551025390625,66.57482147216797,1693.190185546875,37476.63537597656,31548.67822265625,0,17112264704,62914560000,4780404736,0
200,1743631907295,3696,3696,3696,3696,3696,3696,61.36830520629883,70.42060852050781,83.23086547851563,55.299739837646484,55.1202507019043,59.70787048339844,1693.3606567382813,37483.99053955078,31555.791625976563,0,17112264704,62914560000,4901543936,0
1,1743631907495,3696,3696,3696,3696,3696,3696,61.20042419433594,64.75885009765625,51.660133361816406,51.59225082397461,50.408485412597656,57.4244384765625,1693.61767578125,37490.48742675781,31561.95147705078,0,17112264704,62914560000,4662050816,0
