Delta,Time,CPU_FREQUENCY_0,CPU_FREQUENCY_1,CPU_FREQUENCY_2,CPU_FREQUENCY_3,CPU_FREQUENCY_4,CPU_FREQUENCY_5,CPU_USAGE_0,CPU_USAGE_1,CPU_USAGE_2,CPU_USAGE_3,CPU_USAGE_4,CPU_USAGE_5,DRAM_ENERGY (J),PACKAGE_ENERGY (J),PP0_ENERGY (J),PP1_ENERGY (J),TOTAL_MEMORY,TOTAL_SWAP,USED_MEMORY,USED_SWAP
0,1742990957038,3696,3696,3696,3696,3696,3696,0,28.329605102539063,55.79658889770508,0,0,5.6612091064453125,2695.3368530273438,46470.67956542969,33523.729919433594,0,17112264704,62914560000,7135154176,0
199,1742990957039,3696,3696,3696,3696,3696,3696,72.63937377929688,99.3761978149414,73.96857452392578,86.19730377197266,98.51148223876953,74.01290130615234,2695.343994140625,46470.76885986328,33523.827087402344,0,17112264704,62914560000,7136681984,0
199,1742990957239,3696,3696,3696,3696,3696,3696,18.735595703125,32.64430236816406,35.406463623046875,57.93182373046875,16.696495056152344,26.390380859375,2695.5172119140625,46475.97424316406,33528.749084472656,0,17112264704,62914560000,7187820544,0
200,1742990957439,3696,3696,3696,3696,3696,3696,55.07079315185547,28.08202362060547,5.609527587890625,29.077713012695313,6.5699462890625,17.53826141357422,2695.681396484375,46480.60662841797,33533.1103515625,0,17112264704,62914560000,7213862912,0
200,1742990957639,3696,3696,3696,3696,3696,3696,6.9618682861328125,24.253158569335938,5.804893493652344,60.60512924194336,26.25080108642578,7.4865264892578125,2695.8540649414063,46485.15057373047,33537.39794921875,0,17112264704,62914560000,7238721536,0
200,1742990957839,3696,3696,3696,3696,3696,3696,20.38067626953125,42.658607482910156,28.83501434326172,26.501976013183594,29.98017120361328,3.20648193359375,2696.0438232421875,46489.95202636719,33541.92205810547,0,17112264704,62914560000,7286132736,0
199,1742990958039,3696,3696,3696,3696,3696,3696,3.8343124389648438,26.198333740234375,53.406734466552734,10.699882507324219,1.2070465087890625,22.12103271484375,2696.2037963867188,46494.131408691406,33545.834899902344,0,17112264704,62914560000,7296688128,0
200,1742990958239,3696,3696,3696,3696,3696,3696,74.75776672363281,65.18059539794922,60.81694030761719,52.400115966796875,51.55824279785156,67.24249267578125,2696.381591796875,46501.45849609375,33552.915954589844,0,17112264704,62914560000,7429373952,0
1,1742990958440,3696,3696,3696,3696,3696,3696,63.097042083740234,72.6593017578125,65.62496948242188,62.89720153808594,61.6070671081543,62.3022575378418,2696.6198120117188,46508.76141357422,33559.89099121094,0,17112264704,62914560000,7142330368,0
