Delta,Time,CPU_FREQUENCY_0,CPU_FREQUENCY_1,CPU_FREQUENCY_2,CPU_FREQUENCY_3,CPU_FREQUENCY_4,CPU_FREQUENCY_5,CPU_USAGE_0,CPU_USAGE_1,CPU_USAGE_2,CPU_USAGE_3,CPU_USAGE_4,CPU_USAGE_5,DRAM_ENERGY (J),PACKAGE_ENERGY (J),PP0_ENERGY (J),PP1_ENERGY (J),TOTAL_MEMORY,TOTAL_SWAP,USED_MEMORY,USED_SWAP
0,1743631940649,3696,3696,3696,3696,3696,3696,100,100,100,100,100,100,1722.8963623046875,38255.52069091797,32281.441345214844,0,17112264704,62914560000,4662087680,0
200,1743631940649,3696,3696,3696,3696,3696,3696,100,100,100,100,100,100,1722.9002685546875,38255.60144042969,32281.529174804688,0,17112264704,62914560000,4661751808,0
200,1743631940850,3696,3696,3696,3696,3696,3696,23.493927001953125,53.82022476196289,27.090187072753906,22.40534210205078,9.372154235839844,11.712173461914063,1723.0444946289063,38259.76483154297,32285.429626464844,0,17112264704,62914560000,4684595200,0
198,1743631941052,3696,3696,3696,3696,3696,3696,70.11141204833984,36.05134201049805,4.1419830322265625,19.159820556640625,8.303375244140625,6.6350860595703125,1723.2135009765625,38264.488037109375,32289.88800048828,0,17112264704,62914560000,4726165504,0
200,1743631941250,3696,3696,3696,3696,3696,3696,18.020126342773438,12.784957885742188,12.226448059082031,73.5984878540039,3.162445068359375,6.494964599609375,1723.3831176757813,38268.857666015625,32293.968994140625,0,17112264704,62914560000,4727365632,0
200,1743631941450,3696,3696,3696,3696,3696,3696,31.10211181640625,65.15037536621094,23.86578369140625,6.568565368652344,2.1578826904296875,9.003379821777344,1723.5484619140625,38273.403076171875,32298.252197265625,0,17112264704,62914560000,4777762816,0
200,1743631941651,3696,3696,3696,3696,3696,3696,5.179847717285156,27.60063934326172,72.35588073730469,12.864570617675781,15.363327026367188,9.114006042480469,1723.72607421875,38277.93640136719,32302.53546142578,0,17112264704,62914560000,4788731904,0
199,1743631941851,3696,3696,3696,3696,3696,3696,53.67763137817383,78.7630615234375,58.87594223022461,70.96978759765625,53.09416961669922,55.013023376464844,1723.9093627929688,38285.31555175781,32309.62939453125,0,17112264704,62914560000,4914503680,0
1,1743631942051,3696,3696,3696,3696,3696,3696,68.27328491210938,68.9188003540039,59.16923904418945,60.6705436706543,57.11316680908203,59.470115661621094,1724.16357421875,38292.045166015625,32316.039306640625,0,17112264704,62914560000,4676886528,0
