Delta,Time,CPU_FREQUENCY_0,CPU_FREQUENCY_1,CPU_FREQUENCY_2,CPU_FREQUENCY_3,CPU_FREQUENCY_4,CPU_FREQUENCY_5,CPU_USAGE_0,CPU_USAGE_1,CPU_USAGE_2,CPU_USAGE_3,CPU_USAGE_4,CPU_USAGE_5,DRAM_ENERGY (J),PACKAGE_ENERGY (J),PP0_ENERGY (J),PP1_ENERGY (J),TOTAL_MEMORY,TOTAL_SWAP,USED_MEMORY,USED_SWAP
0,1742990939854,3696,3696,3696,3696,3696,3696,100,100,100,100,100,100,2679.7449340820313,46051.602783203125,33128.35516357422,0,17112264704,62914560000,7145439232,0
200,1742990939854,3696,3696,3696,3696,3696,3696,100,100,100,100,100,100,2679.7514038085938,46051.68310546875,33128.428283691406,0,17112264704,62914560000,7145615360,0
200,1742990940054,3696,3696,3696,3696,3696,3696,16.2252197265625,60.82299041748047,45.70271301269531,11.923454284667969,11.769561767578125,23.458938598632813,2679.91064453125,46056.19757080078,33132.678771972656,0,17112264704,62914560000,7182942208,0
198,1742990940256,3696,3696,3696,3696,3696,3696,41.588016510009766,51.67058181762695,16.466064453125,7.792427062988281,17.805259704589844,6.8504638671875,2680.0843505859375,46060.98553466797,33137.18048095703,0,17112264704,62914560000,7219425280,0
200,1742990940455,3696,3696,3696,3696,3696,3696,26.211997985839844,27.261741638183594,10.922065734863281,16.985443115234375,60.00116729736328,16.80322265625,2680.2804565429688,46065.90673828125,33141.82763671875,0,17112264704,62914560000,7246024704,0
200,1742990940655,3696,3696,3696,3696,3696,3696,13.846435546875,40.67229461669922,9.814041137695313,4.218803405761719,33.19609069824219,47.08002471923828,2680.4585571289063,46070.638427734375,33146.299377441406,0,17112264704,62914560000,7254499328,0
200,1742990940856,3696,3696,3696,3696,3696,3696,25.64910888671875,50.17928695678711,3.4189987182617188,1.9959945678710938,2.3048171997070313,38.68605041503906,2680.6243896484375,46074.991271972656,33150.3740234375,0,17112264704,62914560000,7282802688,0
200,1742990941056,3696,3696,3696,3696,3696,3696,49.19215393066406,90.17462158203125,51.57506561279297,47.69105529785156,60.0710334777832,54.06179428100586,2680.79345703125,46082.151123046875,33157.27325439453,0,17112264704,62914560000,7411290112,0
1,1742990941256,3696,3696,3696,3696,3696,3696,63.24862289428711,75.60857391357422,63.77252960205078,65.45682525634766,64.10354614257813,62.878517150878906,2681.0265502929688,46089.65655517578,33164.479064941406,0,17112264704,62914560000,7154434048,0
