Delta,Time,CPU_FREQUENCY_0,CPU_FREQUENCY_1,CPU_FREQUENCY_2,CPU_FREQUENCY_3,CPU_FREQUENCY_4,CPU_FREQUENCY_5,CPU_USAGE_0,CPU_USAGE_1,CPU_USAGE_2,CPU_USAGE_3,CPU_USAGE_4,CPU_USAGE_5,DRAM_ENERGY (J),PACKAGE_ENERGY (J),PP0_ENERGY (J),PP1_ENERGY (J),TOTAL_MEMORY,TOTAL_SWAP,USED_MEMORY,USED_SWAP
0,1743631925359,3696,3696,3696,3696,3696,3696,67.42847442626953,50.43550491333008,48.50785446166992,30.33812713623047,26.329315185546875,25.81287384033203,1709.36376953125,37900.720153808594,31947.672302246094,0,17112264704,62914560000,4660314112,0
199,1743631925359,3696,3696,3696,3696,3696,3696,100,100,100,100,100,100,1709.3690795898438,37900.828063964844,31947.748413085938,0,17112264704,62914560000,4659556352,0
200,1743631925559,3696,3696,3696,3696,3696,3696,11.183822631835938,53.95553207397461,19.110572814941406,35.48661804199219,7.653900146484375,7.065040588378906,1709.5151977539063,37905.06555175781,31951.724731445313,0,17112264704,62914560000,4682293248,0
198,1743631925762,3696,3696,3696,3696,3696,3696,20.48322296142578,22.69969940185547,11.589546203613281,55.93545913696289,14.444549560546875,17.12176513671875,1709.68017578125,37909.76141357422,31956.168701171875,0,17112264704,62914560000,4718960640,0
200,1743631925960,3696,3696,3696,3696,3696,3696,23.499359130859375,41.13813781738281,17.24664306640625,8.607681274414063,23.9229736328125,9.840133666992188,1709.8478393554688,37914.222106933594,31960.346435546875,0,17112264704,62914560000,4754255872,0
200,1743631926161,3696,3696,3696,3696,3696,3696,14.613075256347656,57.96149444580078,17.383338928222656,2.385467529296875,8.515228271484375,40.999900817871094,1710.0224609375,37918.854553222656,31964.72381591797,0,17112264704,62914560000,4802564096,0
200,1743631926361,3696,3696,3696,3696,3696,3696,22.398056030273438,70.06432342529297,6.658943176269531,17.680328369140625,3.2147293090820313,9.294883728027344,1710.191162109375,37923.129455566406,31968.712280273438,0,17112264704,62914560000,4777754624,0
200,1743631926562,3696,3696,3696,3696,3696,3696,55.074886322021484,63.699302673339844,54.445960998535156,79.84687805175781,51.495487213134766,60.601158142089844,1710.358642578125,37930.19659423828,31975.55096435547,0,17112264704,62914560000,4900663296,0
1,1743631926763,3696,3696,3696,3696,3696,3696,72.58024597167969,74.28785705566406,66.51284790039063,64.31002807617188,63.09123229980469,62.882713317871094,1710.6061401367188,37937.582092285156,31982.593017578125,0,17112264704,62914560000,4666339328,0
