Delta,Time,CPU_FREQUENCY_0,CPU_FREQUENCY_1,CPU_FREQUENCY_2,CPU_FREQUENCY_3,CPU_FREQUENCY_4,CPU_FREQUENCY_5,CPU_USAGE_0,CPU_USAGE_1,CPU_USAGE_2,CPU_USAGE_3,CPU_USAGE_4,CPU_USAGE_5,DRAM_ENERGY (J),PACKAGE_ENERGY (J),PP0_ENERGY (J),PP1_ENERGY (J),TOTAL_MEMORY,TOTAL_SWAP,USED_MEMORY,USED_SWAP
0,1743631915626,3696,3696,3696,3696,3696,3696,100,100,100,100,100,100,1700.7950439453125,37675.890563964844,31736.20184326172,0,17112264704,62914560000,4660043776,0
200,1743631915626,3696,3696,3696,3696,3696,3696,89.17396545410156,89.28012084960938,99.79280090332031,89.64591217041016,88.96037292480469,92.67904663085938,1700.7985229492188,37675.946228027344,31736.251342773438,0,17112264704,62914560000,4659945472,0
200,1743631915826,3696,3696,3696,3696,3696,3696,7.48004150390625,15.989311218261719,24.43535614013672,50.820884704589844,8.794776916503906,20.271484375,1700.9503173828125,37680.37609863281,31740.40802001953,0,17112264704,62914560000,4684275712,0
198,1743631916028,3696,3696,3696,3696,3696,3696,43.2282829284668,38.24352264404297,20.698348999023438,22.24585723876953,14.727096557617188,4.542030334472656,1701.115234375,37685.09942626953,31744.84783935547,0,17112264704,62914560000,4724363264,0
200,1743631916227,3696,3696,3696,3696,3696,3696,30.55243682861328,19.613609313964844,17.176727294921875,33.94297790527344,38.820011138916016,4.871711730957031,1701.2962646484375,37689.73596191406,31749.212646484375,0,17112264704,62914560000,4750282752,0
200,1743631916428,3696,3696,3696,3696,3696,3696,15.464851379394531,71.89141082763672,26.610076904296875,8.602058410644531,7.629356384277344,6.020294189453125,1701.4638671875,37694.21142578125,31753.432006835938,0,17112264704,62914560000,4800704512,0
200,1743631916628,3696,3696,3696,3696,3696,3696,5.0294647216796875,24.025299072265625,70.08526611328125,3.0126266479492188,6.108123779296875,13.201911926269531,1701.6259155273438,37698.453186035156,31757.39373779297,0,17112264704,62914560000,4810203136,0
200,1743631916828,3696,3696,3696,3696,3696,3696,56.09529495239258,88.7473373413086,56.57782745361328,54.041561126708984,55.8976936340332,63.989524841308594,1701.792724609375,37705.78576660156,31764.456787109375,0,17112264704,62914560000,4900442112,0
1,1743631917029,3696,3696,3696,3696,3696,3696,64.74156188964844,63.3475227355957,55.06501007080078,57.66926956176758,53.245235443115234,52.808624267578125,1702.0421752929688,37712.218994140625,31770.590209960938,0,17112264704,62914560000,4662136832,0
