Delta,Time,CPU_FREQUENCY_0,CPU_FREQUENCY_1,CPU_FREQUENCY_2,CPU_FREQUENCY_3,CPU_FREQUENCY_4,CPU_FREQUENCY_5,CPU_USAGE_0,CPU_USAGE_1,CPU_USAGE_2,CPU_USAGE_3,CPU_USAGE_4,CPU_USAGE_5,DRAM_ENERGY (J),PACKAGE_ENERGY (J),PP0_ENERGY (J),PP1_ENERGY (J),TOTAL_MEMORY,TOTAL_SWAP,USED_MEMORY,USED_SWAP
0,1742990960861,3696,3696,3696,3696,3696,3696,100,100,100,100,100,100,2698.80517578125,46563.370666503906,33611.15789794922,0,17112264704,62914560000,7161409536,0
200,1742990960862,3696,3696,3696,3696,3696,3696,100,100,100,100,100,100,2698.8098754882813,46563.41229248047,33611.18780517578,0,17112264704,62914560000,7161344000,0
199,1742990961062,3696,3696,3696,3696,3696,3696,34.05841827392578,42.2238883972168,30.284996032714844,20.193321228027344,26.4874267578125,13.454666137695313,2698.9652709960938,46567.635498046875,33615.15301513672,0,17112264704,62914560000,7166017536,0
198,1742990961263,3696,3696,3696,3696,3696,3696,15.309280395507813,53.9715461730957,15.044204711914063,22.40984344482422,14.857086181640625,17.976478576660156,2699.1296997070313,46572.447021484375,33619.70910644531,0,17112264704,62914560000,7202537472,0
200,1742990961462,3696,3696,3696,3696,3696,3696,11.393096923828125,52.31804275512695,10.942481994628906,27.723121643066406,26.221923828125,8.0592041015625,2699.3041381835938,46577.073791503906,33624.06329345703,0,17112264704,62914560000,7231631360,0
200,1742990961663,3696,3696,3696,3696,3696,3696,24.58007049560547,53.95468521118164,66.44125366210938,9.412971496582031,12.306907653808594,12.242515563964844,2699.4978637695313,46582.13830566406,33628.83630371094,0,17112264704,62914560000,7284281344,0
200,1742990961863,3696,3696,3696,3696,3696,3696,65.79432678222656,19.24437713623047,34.717002868652344,9.951492309570313,20.43122100830078,9.595855712890625,2699.6986694335938,46587.081115722656,33633.494567871094,0,17112264704,62914560000,7293517824,0
200,1742990962064,3696,3696,3696,3696,3696,3696,71.8184585571289,61.970550537109375,68.68040466308594,45.30869674682617,49.91732406616211,45.24639129638672,2699.9051513671875,46593.98669433594,33640.14013671875,0,17112264704,62914560000,7424073728,0
1,1742990962264,3696,3696,3696,3696,3696,3696,71.77900695800781,82.01416015625,75.25555419921875,73.85017395019531,71.30857849121094,71.24984741210938,2700.1388549804688,46602.320251464844,33648.17169189453,0,17112264704,62914560000,7178817536,0
