Delta,Time,CPU_FREQUENCY_0,CPU_FREQUENCY_1,CPU_FREQUENCY_2,CPU_FREQUENCY_3,CPU_FREQUENCY_4,CPU_FREQUENCY_5,CPU_USAGE_0,CPU_USAGE_1,CPU_USAGE_2,CPU_USAGE_3,CPU_USAGE_4,CPU_USAGE_5,DRAM_ENERGY (J),PACKAGE_ENERGY (J),PP0_ENERGY (J),PP1_ENERGY (J),TOTAL_MEMORY,TOTAL_SWAP,USED_MEMORY,USED_SWAP
0,1743631913710,3696,3696,3696,3696,3696,3696,100,100,100,100,100,100,1699.0765380859375,37631.1220703125,31694.059204101563,0,17112264704,62914560000,4671414272,0
200,1743631913711,3696,3696,3696,3696,3696,3696,88.31538391113281,99.91941833496094,86.46974182128906,90.6713638305664,90.37654876708984,87.46418762207031,1699.0794677734375,37631.174377441406,31694.11700439453,0,17112264704,62914560000,4671086592,0
200,1743631913911,3696,3696,3696,3696,3696,3696,9.029167175292969,42.0710334777832,8.673820495605469,26.997787475585938,34.165435791015625,5.745765686035156,1699.2260131835938,37635.49609375,31698.171264648438,0,17112264704,62914560000,4676648960,0
198,1743631914112,3696,3696,3696,3696,3696,3696,80.55502319335938,25.624237060546875,7.978515625,20.951988220214844,10.039566040039063,6.121513366699219,1699.4073486328125,37640.32354736328,31702.717407226563,0,17112264704,62914560000,4717535232,0
200,1743631914311,3696,3696,3696,3696,3696,3696,42.4871711730957,37.93695068359375,18.439613342285156,3.5779190063476563,6.697227478027344,23.007720947265625,1699.5733642578125,37644.73547363281,31706.859985351563,0,17112264704,62914560000,4743483392,0
200,1743631914512,3696,3696,3696,3696,3696,3696,37.88442611694336,62.62715148925781,11.188339233398438,5.907958984375,15.141242980957031,1.4282684326171875,1699.735107421875,37649.2666015625,31711.13818359375,0,17112264704,62914560000,4789178368,0
200,1743631914712,3696,3696,3696,3696,3696,3696,6.006309509277344,49.379825592041016,37.642982482910156,21.003662109375,1.3569564819335938,2.3869476318359375,1699.89794921875,37653.473205566406,31715.055725097656,0,17112264704,62914560000,4804972544,0
200,1743631914913,3696,3696,3696,3696,3696,3696,75.30178833007813,74.52407836914063,47.05259323120117,47.75445556640625,49.217071533203125,47.3548469543457,1700.0692749023438,37660.276794433594,31721.62030029297,0,17112264704,62914560000,4930519040,0
1,1743631915113,3696,3696,3696,3696,3696,3696,80.9793701171875,76.0940933227539,79.41931915283203,70.36468505859375,69.57655334472656,69.26824951171875,1700.3771362304688,37668.502014160156,31729.507446289063,0,17112264704,62914560000,4693417984,0
