Delta,Time,CPU_FREQUENCY_0,CPU_FREQUENCY_1,CPU_FREQUENCY_2,CPU_FREQUENCY_3,CPU_FREQUENCY_4,CPU_FREQUENCY_5,CPU_USAGE_0,CPU_USAGE_1,CPU_USAGE_2,CPU_USAGE_3,CPU_USAGE_4,CPU_USAGE_5,DRAM_ENERGY (J),PACKAGE_ENERGY (J),PP0_ENERGY (J),PP1_ENERGY (J),TOTAL_MEMORY,TOTAL_SWAP,USED_MEMORY,USED_SWAP
0,1743631934912,3696,3696,3696,3696,3696,3696,100,100,100,100,100,100,1717.7833251953125,38121.70733642578,32155.515197753906,0,17112264704,62914560000,4661141504,0
200,1743631934912,3696,3696,3696,3696,3696,3696,91.68805694580078,99.5390396118164,87.49536895751953,94.72259521484375,86.88118743896484,89.67566680908203,1717.7867431640625,38121.762939453125,32155.583557128906,0,17112264704,62914560000,4661305344,0
200,1743631935113,3696,3696,3696,3696,3696,3696,30.644485473632813,44.51416015625,9.063575744628906,28.158493041992188,6.9408721923828125,7.482215881347656,1717.9384765625,38126.144287109375,32159.703247070313,0,17112264704,62914560000,4683956224,0
198,1743631935314,3696,3696,3696,3696,3696,3696,14.243453979492188,52.6451301574707,4.263236999511719,45.819644927978516,13.565513610839844,7.012763977050781,1718.1025390625,38130.80596923828,32164.078247070313,0,17112264704,62914560000,4725469184,0
200,1743631935513,3696,3696,3696,3696,3696,3696,34.27348327636719,55.795860290527344,14.978172302246094,46.640113830566406,12.654182434082031,25.776443481445313,1718.3289184570313,38136.209228515625,32169.20050048828,0,17112264704,62914560000,4747149312,0
200,1743631935714,3696,3696,3696,3696,3696,3696,34.615997314453125,68.5992202758789,15.730537414550781,3.4669876098632813,1.493194580078125,7.782966613769531,1718.4895629882813,38140.73046875,32173.446838378906,0,17112264704,62914560000,4799414272,0
200,1743631935914,3696,3696,3696,3696,3696,3696,7.847007751464844,9.089523315429688,3.4316177368164063,3.5081329345703125,3.4132537841796875,99.94000244140625,1718.6512451171875,38145.136169433594,32177.593811035156,0,17112264704,62914560000,4775432192,0
200,1743631936115,3696,3696,3696,3696,3696,3696,63.25630187988281,54.35269546508789,74.6324234008789,52.53273010253906,48.040035247802734,56.10523986816406,1718.8269653320313,38152.13708496094,32184.348754882813,0,17112264704,62914560000,4902260736,0
1,1743631936315,3696,3696,3696,3696,3696,3696,69.62346649169922,71.6689224243164,60.24340057373047,59.779396057128906,58.854427337646484,61.53900146484375,1719.0714721679688,38159.11755371094,32190.99530029297,0,17112264704,62914560000,4664791040,0
