Delta,Time,CPU_FREQUENCY_0,CPU_FREQUENCY_1,CPU_FREQUENCY_2,CPU_FREQUENCY_3,CPU_FREQUENCY_4,CPU_FREQUENCY_5,CPU_USAGE_0,CPU_USAGE_1,CPU_USAGE_2,CPU_USAGE_3,CPU_USAGE_4,CPU_USAGE_5,DRAM_ENERGY (J),PACKAGE_ENERGY (J),PP0_ENERGY (J),PP1_ENERGY (J),TOTAL_MEMORY,TOTAL_SWAP,USED_MEMORY,USED_SWAP
0,1743631909898,3696,3696,3696,3696,3696,3696,100,100,100,100,100,100,1695.6939086914063,37542.293029785156,31610.48358154297,0,17112264704,62914560000,4656668672,0
200,1743631909898,3696,3696,3696,3696,3696,3696,100,100,100,100,100,100,1695.6986694335938,37542.36975097656,31610.536010742188,0,17112264704,62914560000,4656844800,0
200,1743631910099,3696,3696,3696,3696,3696,3696,14.521003723144531,56.31594467163086,31.37921142578125,30.787948608398438,13.902702331542969,11.2342529296875,1695.8544921875,37546.55975341797,31614.479248046875,0,17112264704,62914560000,4679634944,0
199,1743631910299,3696,3696,3696,3696,3696,3696,45.936397552490234,42.23774719238281,9.199478149414063,12.617744445800781,16.49799346923828,7.590919494628906,1696.0150146484375,37551.08135986328,31618.71954345703,0,17112264704,62914560000,4720656384,0
200,1743631910499,3696,3696,3696,3696,3696,3696,18.74230194091797,60.365447998046875,18.766822814941406,11.602203369140625,25.74347686767578,3.24981689453125,1696.1869506835938,37555.45568847656,31622.8173828125,0,17112264704,62914560000,4744908800,0
200,1743631910700,3696,3696,3696,3696,3696,3696,35.150001525878906,69.4683837890625,11.937698364257813,2.7216873168945313,4.734039306640625,2.308441162109375,1696.3477172851563,37559.764099121094,31626.87481689453,0,17112264704,62914560000,4796653568,0
199,1743631910900,3696,3696,3696,3696,3696,3696,21.47955322265625,89.70700073242188,14.151145935058594,13.033073425292969,5.978050231933594,8.1319580078125,1696.5427856445313,37564.524963378906,31631.352600097656,0,17112264704,62914560000,4806483968,0
200,1743631911100,3696,3696,3696,3696,3696,3696,57.36301803588867,96.14779663085938,56.204776763916016,65.75192260742188,57.360416412353516,53.32136917114258,1696.7376098632813,37572.000244140625,31638.556701660156,0,17112264704,62914560000,4934914048,0
1,1743631911301,3696,3696,3696,3696,3696,3696,75.19450378417969,74.72885131835938,68.26614379882813,65.61627197265625,64.61060333251953,68.42926025390625,1696.9910888671875,37579.61212158203,31645.855834960938,0,17112264704,62914560000,4659355648,0
