Delta,Time,CPU_FREQUENCY_0,CPU_FREQUENCY_1,CPU_FREQUENCY_2,CPU_FREQUENCY_3,CPU_FREQUENCY_4,CPU_FREQUENCY_5,CPU_USAGE_0,CPU_USAGE_1,CPU_USAGE_2,CPU_USAGE_3,CPU_USAGE_4,CPU_USAGE_5,DRAM_ENERGY (J),PACKAGE_ENERGY (J),PP0_ENERGY (J),PP1_ENERGY (J),TOTAL_MEMORY,TOTAL_SWAP,USED_MEMORY,USED_SWAP
0,1743631923456,3696,3696,3696,3696,3696,3696,100,100,100,100,100,100,1707.5452270507813,37852.41833496094,31901.992065429688,0,17112264704,62914560000,4660813824,0
199,1743631923457,3696,3696,3696,3696,3696,3696,100,100,100,100,100,100,1707.5484008789063,37852.47296142578,31902.046447753906,0,17112264704,62914560000,4660727808,0
200,1743631923657,3696,3696,3696,3696,3696,3696,12.867164611816406,45.31298828125,20.401084899902344,21.451942443847656,27.427101135253906,35.465606689453125,1707.6964721679688,37857.090270996094,31906.415771484375,0,17112264704,62914560000,4684967936,0
198,1743631923858,3696,3696,3696,3696,3696,3696,6.7855987548828125,67.75572204589844,11.92376708984375,10.945960998535156,9.828376770019531,24.171005249023438,1707.8646850585938,37861.63995361328,31910.672973632813,0,17112264704,62914560000,4719845376,0
200,1743631924057,3696,3696,3696,3696,3696,3696,31.037078857421875,46.13697052001953,35.89341735839844,6.834999084472656,17.406570434570313,16.221702575683594,1708.0405883789063,37866.531494140625,31915.2978515625,0,17112264704,62914560000,4756094976,0
200,1743631924257,3696,3696,3696,3696,3696,3696,17.3936767578125,64.38343048095703,38.755558013916016,38.841102600097656,32.093353271484375,60.94427490234375,1708.3407592773438,37873.332580566406,31921.813842773438,0,17112264704,62914560000,4816564224,0
200,1743631924458,3696,3696,3696,3696,3696,3696,18.905990600585938,55.01367950439453,44.851417541503906,26.686012268066406,9.469383239746094,21.2862548828125,1708.5416870117188,37878.4443359375,31926.648681640625,0,17112264704,62914560000,4807434240,0
199,1743631924658,3696,3696,3696,3696,3696,3696,39.004207611083984,89.76812744140625,40.462127685546875,47.17131042480469,41.73332595825195,41.957950592041016,1708.7077026367188,37884.71691894531,31932.631286621094,0,17112264704,62914560000,4937867264,0
1,1743631924858,3696,3696,3696,3696,3696,3696,80.40093994140625,80.74009704589844,76.08625793457031,71.33833312988281,70.09095764160156,69.71550750732422,1708.9668579101563,37892.91046142578,31940.533142089844,0,17112264704,62914560000,4660449280,0
