Delta,Time,CPU_FREQUENCY_0,CPU_FREQUENCY_1,CPU_FREQUENCY_2,CPU_FREQUENCY_3,CPU_FREQUENCY_4,CPU_FREQUENCY_5,CPU_USAGE_0,CPU_USAGE_1,CPU_USAGE_2,CPU_USAGE_3,CPU_USAGE_4,CPU_USAGE_5,DRAM_ENERGY (J),PACKAGE_ENERGY (J),PP0_ENERGY (J),PP1_ENERGY (J),TOTAL_MEMORY,TOTAL_SWAP,USED_MEMORY,USED_SWAP
0,1742990922492,3696,3696,3696,3696,3696,3696,24.914649963378906,60.6893310546875,20.565017700195313,31.537368774414063,69.64767456054688,39.29280090332031,2663.7460327148438,45627.19763183594,32727.978881835938,0,17112264704,62914560000,7183974400,0
200,1742990922492,3696,3696,3696,3696,3696,3696,100,100,100,100,100,100,2663.7513427734375,45627.28564453125,32728.031494140625,0,17112264704,62914560000,7183970304,0
200,1742990922692,3696,3696,3696,3696,3696,3696,36.9154167175293,45.883338928222656,30.503334045410156,11.308395385742188,13.578407287597656,21.62340545654297,2663.9431762695313,45631.989807128906,32732.46563720703,0,17112264704,62914560000,7211995136,0
199,1742990922892,3696,3696,3696,3696,3696,3696,25.20549774169922,72.55220794677734,39.855857849121094,25.932754516601563,35.76593780517578,30.61687469482422,2664.1964111328125,45638.081970214844,32738.2724609375,0,17112264704,62914560000,7238434816,0
200,1742990923092,3696,3696,3696,3696,3696,3696,24.564422607421875,42.876304626464844,10.029670715332031,10.7606201171875,39.66045379638672,3.8874282836914063,2664.364501953125,45642.47497558594,32742.391357421875,0,17112264704,62914560000,7269330944,0
200,1742990923293,3696,3696,3696,3696,3696,3696,69.92832946777344,25.12506866455078,9.439682006835938,17.075057983398438,2.0451278686523438,3.024261474609375,2664.527587890625,45646.86248779297,32746.499450683594,0,17112264704,62914560000,7311179776,0
200,1742990923493,3696,3696,3696,3696,3696,3696,7.824676513671875,14.565017700195313,19.40411376953125,7.8251800537109375,35.10540771484375,34.234657287597656,2664.6876220703125,45651.14270019531,32750.515502929688,0,17112264704,62914560000,7324028928,0
200,1742990923693,3696,3696,3696,3696,3696,3696,82.78417205810547,52.0105094909668,52.74734115600586,45.80300521850586,54.529232025146484,44.306793212890625,2664.8700561523438,45657.749938964844,32756.887451171875,0,17112264704,62914560000,7458172928,0
1,1742990923893,3696,3696,3696,3696,3696,3696,75.64724731445313,84.9239501953125,75.18118286132813,75.55604553222656,76.14678955078125,73.73017120361328,2665.1182861328125,45666.39813232422,32765.206115722656,0,17112264704,62914560000,7209304064,0
