Delta,Time,CPU_FREQUENCY_0,CPU_FREQUENCY_1,CPU_FREQUENCY_2,CPU_FREQUENCY_3,CPU_FREQUENCY_4,CPU_FREQUENCY_5,CPU_USAGE_0,CPU_USAGE_1,CPU_USAGE_2,CPU_USAGE_3,CPU_USAGE_4,CPU_USAGE_5,DRAM_ENERGY (J),PACKAGE_ENERGY (J),PP0_ENERGY (J),PP1_ENERGY (J),TOTAL_MEMORY,TOTAL_SWAP,USED_MEMORY,USED_SWAP
0,1742990943671,3696,3696,3696,3696,3696,3696,100,100,100,100,100,100,2683.2114868164063,46144.050354003906,33215.54119873047,0,17112264704,62914560000,7153758208,0
200,1742990943671,3696,3696,3696,3696,3696,3696,100,100,100,100,100,100,2683.2146606445313,46144.10546875,33215.59503173828,0,17112264704,62914560000,7153737728,0
200,1742990943872,3696,3696,3696,3696,3696,3696,37.677215576171875,53.94781494140625,49.80223083496094,21.176902770996094,20.167266845703125,56.56105041503906,2683.385986328125,46150.03430175781,33221.24353027344,0,17112264704,62914560000,7178190848,0
199,1742990944074,3696,3696,3696,3696,3696,3696,16.246856689453125,51.2657470703125,70.17300415039063,10.050926208496094,16.26970672607422,20.418045043945313,2683.5758666992188,46155.385192871094,33226.31091308594,0,17112264704,62914560000,7240212480,0
200,1742990944273,3696,3696,3696,3696,3696,3696,8.693397521972656,42.03696060180664,30.057464599609375,22.36316680908203,20.54590606689453,15.265029907226563,2683.7490844726563,46159.89813232422,33230.554260253906,0,17112264704,62914560000,7243116544,0
200,1742990944473,3696,3696,3696,3696,3696,3696,28.21947479248047,83.52088928222656,36.755767822265625,5.8606109619140625,8.927688598632813,19.52269744873047,2683.9700317382813,46165.315490722656,33235.71533203125,0,17112264704,62914560000,7292182528,0
200,1742990944674,3696,3696,3696,3696,3696,3696,6.738716125488281,88.57679748535156,16.658470153808594,3.1736068725585938,7.701820373535156,4.401039123535156,2684.137451171875,46169.59558105469,33239.699645996094,0,17112264704,62914560000,7267942400,0
200,1742990944874,3696,3696,3696,3696,3696,3696,56.16155242919922,65.59087371826172,48.757049560546875,47.63641357421875,57.68057632446289,66.52976989746094,2684.3120727539063,46176.64617919922,33246.473571777344,0,17112264704,62914560000,7399686144,0
1,1742990945074,3696,3696,3696,3696,3696,3696,65.212158203125,78.80250549316406,69.44322204589844,65.93598937988281,65.45217895507813,65.27099609375,2684.54345703125,46184.36602783203,33253.91174316406,0,17112264704,62914560000,7150854144,0
