Delta,Time,CPU_FREQUENCY_0,CPU_FREQUENCY_1,CPU_FREQUENCY_2,CPU_FREQUENCY_3,CPU_FREQUENCY_4,CPU_FREQUENCY_5,CPU_USAGE_0,CPU_USAGE_1,CPU_USAGE_2,CPU_USAGE_3,CPU_USAGE_4,CPU_USAGE_5,DRAM_ENERGY (J),PACKAGE_ENERGY (J),PP0_ENERGY (J),PP1_ENERGY (J),TOTAL_MEMORY,TOTAL_SWAP,USED_MEMORY,USED_SWAP
0,1742990945580,3696,3696,3696,3696,3696,3696,100,100,100,100,100,100,2684.9447631835938,46191.568298339844,33260.43005371094,0,17112264704,62914560000,7149023232,0
200,1742990945580,3696,3696,3696,3696,3696,3696,82.00485229492188,83.499755859375,94.51931762695313,82.88119506835938,83.1114730834961,96.81893157958984,2684.9505615234375,46191.60583496094,33260.457275390625,0,17112264704,62914560000,7149342720,0
200,1742990945781,3696,3696,3696,3696,3696,3696,46.09424591064453,28.26128387451172,39.01847839355469,6.2803802490234375,32.458251953125,10.364089965820313,2685.14794921875,46196.350524902344,33264.91259765625,0,17112264704,62914560000,7173394432,0
198,1742990945982,3696,3696,3696,3696,3696,3696,15.635665893554688,60.32977294921875,45.49686050415039,16.258621215820313,29.845069885253906,43.152164459228516,2685.3866577148438,46202.361389160156,33270.65637207031,0,17112264704,62914560000,7214354432,0
200,1742990946181,3696,3696,3696,3696,3696,3696,10.321670532226563,21.17987823486328,30.237564086914063,34.832427978515625,26.290489196777344,9.425949096679688,2685.5536499023438,46206.858947753906,33274.88513183594,0,17112264704,62914560000,7215403008,0
200,1742990946382,3696,3696,3696,3696,3696,3696,17.422332763671875,37.877105712890625,51.168304443359375,55.1750602722168,8.764801025390625,12.595260620117188,2685.7509765625,46212.154235839844,33279.885986328125,0,17112264704,62914560000,7255969792,0
202,1742990946582,3696,3696,3696,3696,3696,3696,2.2571792602539063,34.830223083496094,18.01781463623047,3.5127944946289063,55.25564956665039,3.7903823852539063,2685.9094848632813,46216.28875732422,33283.79034423828,0,17112264704,62914560000,7280267264,0
200,1742990946784,3696,3696,3696,3696,3696,3696,47.44345474243164,63.69942855834961,69.35081481933594,46.876922607421875,69.19235229492188,49.970802307128906,2686.09765625,46223.30975341797,33290.50341796875,0,17112264704,62914560000,7412355072,0
1,1742990946985,3696,3696,3696,3696,3696,3696,72.30430603027344,83.57537841796875,72.45437622070313,72.24468231201172,72.57402038574219,76.71810150146484,2686.3312377929688,46231.68420410156,33298.59600830078,0,17112264704,62914560000,7156559872,0
