Delta,Time,CPU_FREQUENCY_0,CPU_FREQUENCY_1,CPU_FREQUENCY_2,CPU_FREQUENCY_3,CPU_FREQUENCY_4,CPU_FREQUENCY_5,CPU_USAGE_0,CPU_USAGE_1,CPU_USAGE_2,CPU_USAGE_3,CPU_USAGE_4,CPU_USAGE_5,DRAM_ENERGY (J),PACKAGE_ENERGY (J),PP0_ENERGY (J),PP1_ENERGY (J),TOTAL_MEMORY,TOTAL_SWAP,USED_MEMORY,USED_SWAP
0,1742990920565,3696,3696,3696,3696,3696,3696,100,0,0,0,0,0,2662.0389404296875,45581.20764160156,32684.621337890625,0,17112264704,62914560000,7178514432,0
200,1742990920566,3696,3696,3696,3696,3696,3696,100,100,100,100,100,100,2662.0460205078125,45581.31018066406,32684.69805908203,0,17112264704,62914560000,7180439552,0
200,1742990920766,3696,3696,3696,3696,3696,3696,47.53668975830078,67.33600616455078,24.725746154785156,17.075103759765625,28.149314880371094,26.07367706298828,2662.2538452148438,45586.64093017578,32689.748657226563,0,17112264704,62914560000,7214133248,0
198,1742990920968,3696,3696,3696,3696,3696,3696,14.4544677734375,89.54362487792969,6.428741455078125,3.2815475463867188,23.317474365234375,19.56890106201172,2662.4310302734375,45591.62646484375,32694.454040527344,0,17112264704,62914560000,7250141184,0
200,1742990921167,3696,3696,3696,3696,3696,3696,6.4678802490234375,34.474571228027344,16.627700805664063,43.453861236572266,18.36530303955078,8.007965087890625,2662.597900390625,45596.13836669922,32698.701904296875,0,17112264704,62914560000,7282761728,0
200,1742990921367,3696,3696,3696,3696,3696,3696,14.954216003417969,35.346046447753906,20.423904418945313,12.284744262695313,4.27447509765625,43.85932540893555,2662.7650146484375,45600.6826171875,32702.987548828125,0,17112264704,62914560000,7328264192,0
200,1742990921568,3696,3696,3696,3696,3696,3696,9.979019165039063,82.3761215209961,4.35357666015625,2.5218963623046875,15.795494079589844,8.805084228515625,2662.929931640625,45605.095764160156,32707.122314453125,0,17112264704,62914560000,7312490496,0
200,1742990921768,3696,3696,3696,3696,3696,3696,70.9036865234375,76.84584045410156,64.95454406738281,55.503055572509766,56.107810974121094,57.88087844848633,2663.0947265625,45612.61749267578,32714.396484375,0,17112264704,62914560000,7441973248,0
1,1742990921969,3696,3696,3696,3696,3696,3696,60.903018951416016,71.75653839111328,61.729209899902344,60.920677185058594,61.67489242553711,59.203857421875,2663.3297119140625,45619.82305908203,32721.295166015625,0,17112264704,62914560000,7185182720,0
