Delta,Time,CPU_FREQUENCY_0,CPU_FREQUENCY_1,CPU_FREQUENCY_2,CPU_FREQUENCY_3,CPU_FREQUENCY_4,CPU_FREQUENCY_5,CPU_USAGE_0,CPU_USAGE_1,CPU_USAGE_2,CPU_USAGE_3,CPU_USAGE_4,CPU_USAGE_5,DRAM_ENERGY (J),PACKAGE_ENERGY (J),PP0_ENERGY (J),PP1_ENERGY (J),TOTAL_MEMORY,TOTAL_SWAP,USED_MEMORY,USED_SWAP
0,1743631948254,3696,3696,3696,3696,3696,3696,100,100,100,100,100,100,1729.5413208007813,38431.326110839844,32446.82061767578,0,17112264704,62914560000,4657676288,0
200,1743631948254,3696,3696,3696,3696,3696,3696,100,100,100,100,100,100,1729.5457763671875,38431.356384277344,32446.846252441406,0,17112264704,62914560000,4657709056,0
200,1743631948454,3696,3696,3696,3696,3696,3696,13.277328491210938,38.11663818359375,28.76837158203125,34.00237274169922,26.810829162597656,10.694175720214844,1729.6925048828125,38435.446838378906,32450.675720214844,0,17112264704,62914560000,4679852032,0
198,1743631948656,3696,3696,3696,3696,3696,3696,14.052299499511719,11.746139526367188,13.095756530761719,26.60479736328125,70.18297576904297,10.001617431640625,1729.8585205078125,38440.177185058594,32455.131286621094,0,17112264704,62914560000,4716154880,0
200,1743631948855,3696,3696,3696,3696,3696,3696,29.634361267089844,37.94794845581055,35.977317810058594,14.663780212402344,33.08934020996094,11.832450866699219,1730.061767578125,38445.144958496094,32459.820434570313,0,17112264704,62914560000,4748304384,0
200,1743631949055,3696,3696,3696,3696,3696,3696,41.24501037597656,68.4241943359375,4.129478454589844,1.8143386840820313,1.6545028686523438,8.192337036132813,1730.2230224609375,38449.52404785156,32463.93524169922,0,17112264704,62914560000,4793892864,0
200,1743631949256,3696,3696,3696,3696,3696,3696,12.560012817382813,42.39703369140625,25.045257568359375,39.33100509643555,8.848678588867188,3.7601165771484375,1730.3894653320313,38454.06433105469,32468.1982421875,0,17112264704,62914560000,4813832192,0
200,1743631949456,3696,3696,3696,3696,3696,3696,53.03026580810547,67.2313003540039,77.28729248046875,52.7817268371582,58.8477783203125,51.545867919921875,1730.5672607421875,38461.26531982422,32475.139282226563,0,17112264704,62914560000,4896862208,0
1,1743631949657,3696,3696,3696,3696,3696,3696,67.9642333984375,68.84098815917969,60.6962890625,57.8254508972168,56.75235366821289,56.45783996582031,1730.8173217773438,38468.15557861328,32481.72625732422,0,17112264704,62914560000,4659875840,0
