Delta,Time,CPU_FREQUENCY_0,CPU_FREQUENCY_1,CPU_FREQUENCY_2,CPU_FREQUENCY_3,CPU_FREQUENCY_4,CPU_FREQUENCY_5,CPU_USAGE_0,CPU_USAGE_1,CPU_USAGE_2,CPU_USAGE_3,CPU_USAGE_4,CPU_USAGE_5,DRAM_ENERGY (J),PACKAGE_ENERGY (J),PP0_ENERGY (J),PP1_ENERGY (J),TOTAL_MEMORY,TOTAL_SWAP,USED_MEMORY,USED_SWAP
0,1742990955123,3696,3696,3696,3696,3696,3696,100,100,100,100,100,100,2693.6651611328125,46426.23547363281,33481.911193847656,0,17112264704,62914560000,7155961856,0
200,1742990955123,3696,3696,3696,3696,3696,3696,86.70026397705078,95.88652038574219,93.66413879394531,99.51011657714844,86.0492172241211,89.07357025146484,2693.668212890625,46426.30480957031,33482.004943847656,0,17112264704,62914560000,7156109312,0
199,1742990955323,3696,3696,3696,3696,3696,3696,7.1558685302734375,71.32442474365234,26.574203491210938,5.417274475097656,8.047477722167969,7.675102233886719,2693.816650390625,46430.64630126953,33486.07879638672,0,17112264704,62914560000,7179161600,0
198,1742990955525,3696,3696,3696,3696,3696,3696,22.736000061035156,38.04793167114258,41.827423095703125,19.13404083251953,14.419326782226563,6.238006591796875,2693.9885864257813,46435.45275878906,33490.59045410156,0,17112264704,62914560000,7220768768,0
200,1742990955724,3696,3696,3696,3696,3696,3696,20.071441650390625,30.789306640625,46.606109619140625,13.146736145019531,34.429962158203125,12.429550170898438,2694.1785278320313,46440.17742919922,33495.05194091797,0,17112264704,62914560000,7231950848,0
200,1742990955924,3696,3696,3696,3696,3696,3696,8.733329772949219,48.647830963134766,21.513648986816406,16.763816833496094,33.0367431640625,9.75689697265625,2694.3501586914063,46444.85125732422,33499.454528808594,0,17112264704,62914560000,7275667456,0
200,1742990956125,3696,3696,3696,3696,3696,3696,6.394439697265625,29.71161651611328,26.504501342773438,17.575912475585938,32.639610290527344,10.745750427246094,2694.5140991210938,46449.21124267578,33503.52746582031,0,17112264704,62914560000,7293825024,0
200,1742990956325,3696,3696,3696,3696,3696,3696,52.0479621887207,76.85098266601563,51.760398864746094,51.45879364013672,73.60945129394531,56.36107635498047,2694.6824951171875,46456.39581298828,33510.445251464844,0,17112264704,62914560000,7418998784,0
1,1742990956525,3696,3696,3696,3696,3696,3696,64.54393005371094,76.47445678710938,64.61099243164063,64.97264862060547,62.23757553100586,62.74836730957031,2694.9141235351563,46463.86474609375,33517.623291015625,0,17112264704,62914560000,7167696896,0
