Delta,Time,CPU_FREQUENCY_0,CPU_FREQUENCY_1,CPU_FREQUENCY_2,CPU_FREQUENCY_3,CPU_FREQUENCY_4,CPU_FREQUENCY_5,CPU_USAGE_0,CPU_USAGE_1,CPU_USAGE_2,CPU_USAGE_3,CPU_USAGE_4,CPU_USAGE_5,DRAM_ENERGY (J),PACKAGE_ENERGY (J),PP0_ENERGY (J),PP1_ENERGY (J),TOTAL_MEMORY,TOTAL_SWAP,USED_MEMORY,USED_SWAP
0,1743631946349,3696,3696,3696,3696,3696,3696,100,100,100,100,100,100,1727.870849609375,38386.72131347656,32404.83270263672,0,17112264704,62914560000,4664090624,0
200,1743631946350,3696,3696,3696,3696,3696,3696,89.53494262695313,99.90791320800781,87.32029724121094,95.59628295898438,91.02182006835938,88.05638122558594,1727.8743286132813,38386.776611328125,32404.889587402344,0,17112264704,62914560000,4663357440,0
199,1743631946550,3696,3696,3696,3696,3696,3696,8.835693359375,59.249351501464844,20.87267303466797,12.404464721679688,28.7061767578125,3.7061538696289063,1728.0265502929688,38391.20886230469,32409.065795898438,0,17112264704,62914560000,4688879616,0
200,1743631946750,3696,3696,3696,3696,3696,3696,26.99547576904297,57.5106315612793,21.143478393554688,35.013572692871094,8.831016540527344,14.250419616699219,1728.2156372070313,38396.17932128906,32413.76593017578,0,17112264704,62914560000,4707430400,0
200,1743631946950,3696,3696,3696,3696,3696,3696,19.081817626953125,64.39279174804688,8.962120056152344,30.806640625,4.0059051513671875,10.697914123535156,1728.3925170898438,38400.731384277344,32418.018615722656,0,17112264704,62914560000,4744257536,0
200,1743631947151,3696,3696,3696,3696,3696,3696,26.82530975341797,67.4766845703125,13.059394836425781,15.464950561523438,2.527984619140625,10.0274658203125,1728.5606689453125,38405.266052246094,32422.298400878906,0,17112264704,62914560000,4781010944,0
200,1743631947351,3696,3696,3696,3696,3696,3696,6.715675354003906,49.59562301635742,8.485305786132813,46.370086669921875,1.9063491821289063,4.482780456542969,1728.7200927734375,38409.479736328125,32426.249633789063,0,17112264704,62914560000,4805390336,0
200,1743631947551,3696,3696,3696,3696,3696,3696,62.31817626953125,92.87508392333984,53.39191818237305,53.72575378417969,54.834205627441406,55.21169662475586,1728.8844604492188,38416.647033691406,32433.169799804688,0,17112264704,62914560000,4927221760,0
1,1743631947751,3696,3696,3696,3696,3696,3696,71.96044158935547,70.55415344238281,63.86394119262695,60.980831146240234,61.571189880371094,59.99518966674805,1729.139892578125,38423.87487792969,32440.052307128906,0,17112264704,62914560000,4687126528,0
