Delta,Time,CPU_FREQUENCY_0,CPU_FREQUENCY_1,CPU_FREQUENCY_2,CPU_FREQUENCY_3,CPU_FREQUENCY_4,CPU_FREQUENCY_5,CPU_USAGE_0,CPU_USAGE_1,CPU_USAGE_2,CPU_USAGE_3,CPU_USAGE_4,CPU_USAGE_5,DRAM_ENERGY (J),PACKAGE_ENERGY (J),PP0_ENERGY (J),PP1_ENERGY (J),TOTAL_MEMORY,TOTAL_SWAP,USED_MEMORY,USED_SWAP
0,1742990433842,3696,3696,3696,3696,3696,3696,100,100,100,100,100,100,2333.4373168945313,39154.90399169922,27922.418884277344,0,17112264704,62914560000,7142506496,0
200,1742990433842,3696,3696,3696,3696,3696,3696,100,100,100,100,100,100,2333.440673828125,39154.96398925781,27922.474609375,0,17112264704,62914560000,7142400000,0
200,1742990434042,3696,3696,3696,3696,3696,3696,27.070022583007813,32.744285583496094,20.541427612304688,20.745315551757813,26.678802490234375,40.29425048828125,2333.6188354492188,39160.03955078125,27926.85205078125,0,17112264704,62914560000,7159230464,0
198,1742990434244,3696,3696,3696,3696,3696,3696,10.760322570800781,25.937774658203125,9.912879943847656,67.78359985351563,6.793952941894531,18.247222900390625,2333.7913208007813,39165.16589355469,27931.251220703125,0,17112264704,62914560000,7211991040,0
200,1742990434443,3696,3696,3696,3696,3696,3696,14.7657470703125,36.119964599609375,22.602996826171875,39.7336540222168,6.5567169189453125,2.588134765625,2333.953857421875,39169.947998046875,27935.33087158203,0,17112264704,62914560000,7237025792,0
200,1742990434643,3696,3696,3696,3696,3696,3696,12.522613525390625,78.23860931396484,21.368370056152344,5.563201904296875,14.377250671386719,13.245361328125,2334.1310424804688,39175.19451904297,27939.859313964844,0,17112264704,62914560000,7281926144,0
200,1742990434844,3696,3696,3696,3696,3696,3696,13.880508422851563,57.69550323486328,39.661033630371094,19.410476684570313,58.09812545776367,23.088699340820313,2334.364013671875,39181.31671142578,27945.272583007813,0,17112264704,62914560000,7265533952,0
200,1742990435044,3696,3696,3696,3696,3696,3696,17.441452026367188,49.15257263183594,32.48600769042969,27.48395538330078,9.600837707519531,9.866905212402344,2334.6209716796875,39186.18737792969,27949.419860839844,0,17112264704,62914560000,7269593088,0
1,1742990435245,3696,3696,3696,3696,3696,3696,1.9696578979492188,11.315696716308594,5.33331298828125,1.2753219604492188,4.128517150878906,1.788238525390625,2334.7476196289063,39187.90997314453,27950.421264648438,0,17112264704,62914560000,7145316352,0
