Delta,Time,CPU_FREQUENCY_0,CPU_FREQUENCY_1,CPU_FREQUENCY_2,CPU_FREQUENCY_3,CPU_FREQUENCY_4,CPU_FREQUENCY_5,CPU_USAGE_0,CPU_USAGE_1,CPU_USAGE_2,CPU_USAGE_3,CPU_USAGE_4,CPU_USAGE_5,DRAM_ENERGY (J),PACKAGE_ENERGY (J),PP0_ENERGY (J),PP1_ENERGY (J),TOTAL_MEMORY,TOTAL_SWAP,USED_MEMORY,USED_SWAP
0,1742990445092,3696,3696,3696,3696,3696,3696,100,100,100,100,100,100,2343.5205688476563,39401.38201904297,28128.93035888672,0,17112264704,62914560000,7131086848,0
200,1742990445092,3696,3696,3696,3696,3696,3696,100,100,100,100,100,100,2343.5262451171875,39401.47790527344,28128.998168945313,0,17112264704,62914560000,7130529792,0
199,1742990445292,3696,3696,3696,3696,3696,3696,8.622344970703125,61.403934478759766,9.479293823242188,15.797775268554688,14.666114807128906,35.178001403808594,2343.6876831054688,39406.46466064453,28133.29754638672,0,17112264704,62914560000,7155273728,0
198,1742990445493,3696,3696,3696,3696,3696,3696,18.485427856445313,32.47162628173828,5.3795623779296875,3.8163528442382813,58.92829132080078,13.023284912109375,2343.855712890625,39411.35791015625,28137.48419189453,0,17112264704,62914560000,7189860352,0
200,1742990445692,3696,3696,3696,3696,3696,3696,14.345512390136719,37.748191833496094,37.98099136352539,40.45283889770508,31.63732147216797,19.731216430664063,2344.0481567382813,39417.008361816406,28142.418090820313,0,17112264704,62914560000,7215005696,0
200,1742990445892,3696,3696,3696,3696,3696,3696,13.961616516113281,32.43809509277344,66.5743179321289,7.9563446044921875,5.8433685302734375,23.01654052734375,2344.226318359375,39422.24676513672,28146.95751953125,0,17112264704,62914560000,7246094336,0
200,1742990446092,3696,3696,3696,3696,3696,3696,11.052780151367188,77.14318084716797,9.665306091308594,2.9047393798828125,3.3162612915039063,16.258041381835938,2344.3887939453125,39426.86218261719,28150.85076904297,0,17112264704,62914560000,7259578368,0
200,1742990446293,3696,3696,3696,3696,3696,3696,15.718864440917969,84.5103988647461,19.188438415527344,17.3526611328125,17.735671997070313,30.847991943359375,2344.6881103515625,39432.337890625,28155.59246826172,0,17112264704,62914560000,7253880832,0
5,1742990446494,3696,3696,3696,3696,3696,3696,1.0752182006835938,5.4073486328125,5.5689544677734375,0.1077728271484375,0,0.35302734375,2344.8092041015625,39433.84655761719,28156.379516601563,0,17112264704,62914560000,7132749824,0
