Delta,Time,CPU_FREQUENCY_0,CPU_FREQUENCY_1,CPU_FREQUENCY_2,CPU_FREQUENCY_3,CPU_FREQUENCY_4,CPU_FREQUENCY_5,CPU_USAGE_0,CPU_USAGE_1,CPU_USAGE_2,CPU_USAGE_3,CPU_USAGE_4,CPU_USAGE_5,DRAM_ENERGY (J),PACKAGE_ENERGY (J),PP0_ENERGY (J),PP1_ENERGY (J),TOTAL_MEMORY,TOTAL_SWAP,USED_MEMORY,USED_SWAP
0,1742990412927,3696,3696,3696,3696,3696,3696,100,100,100,100,100,100,2314.7514038085938,38700.800231933594,27542.62469482422,0,17112264704,62914560000,7284412416,0
200,1742990412927,3696,3696,3696,3696,3696,3696,100,100,100,100,100,100,2314.754638671875,38700.861389160156,27542.683654785156,0,17112264704,62914560000,7285198848,0
200,1742990413128,3696,3696,3696,3696,3696,3696,17.68891143798828,47.98761749267578,15.282447814941406,11.115432739257813,13.734413146972656,57.37171936035156,2314.9151000976563,38705.78601074219,27546.893615722656,0,17112264704,62914560000,7280873472,0
200,1742990413328,3696,3696,3696,3696,3696,3696,5.672386169433594,38.64140701293945,16.31914520263672,8.640617370605469,17.344284057617188,41.171329498291016,2315.0803833007813,38710.68408203125,27551.096313476563,0,17112264704,62914560000,7321313280,0
200,1742990413529,3696,3696,3696,3696,3696,3696,32.03179168701172,25.323829650878906,21.18828582763672,6.631858825683594,4.538055419921875,30.84320068359375,2315.2422485351563,38715.43133544922,27555.120666503906,0,17112264704,62914560000,7346470912,0
200,1742990413729,3696,3696,3696,3696,3696,3696,26.239898681640625,26.232017517089844,60.206024169921875,4.803169250488281,11.665634155273438,3.7549896240234375,2315.4112548828125,38720.42150878906,27559.41241455078,0,17112264704,62914560000,7394783232,0
200,1742990413929,3696,3696,3696,3696,3696,3696,26.219085693359375,41.59394454956055,33.03730773925781,3.8331527709960938,16.759231567382813,6.4658355712890625,2315.5777587890625,38725.20684814453,27563.494689941406,0,17112264704,62914560000,7399833600,0
2,1742990414130,3696,3696,3696,3696,3696,3696,21.532432556152344,25.69208526611328,76.43937683105469,6.399711608886719,7.3777008056640625,6.065864562988281,2315.8491821289063,38729.99444580078,27567.544555664063,0,17112264704,62914560000,7275859968,0
