Delta,Time,CPU_FREQUENCY_0,CPU_FREQUENCY_1,CPU_FREQUENCY_2,CPU_FREQUENCY_3,CPU_FREQUENCY_4,CPU_FREQUENCY_5,CPU_USAGE_0,CPU_USAGE_1,CPU_USAGE_2,CPU_USAGE_3,CPU_USAGE_4,CPU_USAGE_5,DRAM_ENERGY (J),PACKAGE_ENERGY (J),PP0_ENERGY (J),PP1_ENERGY (J),TOTAL_MEMORY,TOTAL_SWAP,USED_MEMORY,USED_SWAP
0,1743634901506,3696,3696,3696,3696,3696,3696,0,63.835086822509766,0,0,0,29.019317626953125,3770.0467529296875,102847.68103027344,86886.19232177734,0,17112264704,62914560000,4753035264,0
199,1743634901507,3696,3696,3696,3696,3696,3696,68.48063659667969,98.44956970214844,68.26116180419922,72.54857635498047,77.41676330566406,99.725341796875,3770.05322265625,102847.72314453125,86886.21459960938,0,17112264704,62914560000,4753043456,0
200,1743634901707,3696,3696,3696,3696,3696,3696,35.046600341796875,27.96202850341797,35.419273376464844,10.788902282714844,13.1141357421875,9.025871276855469,3770.1951904296875,102851.67541503906,86889.4722290039,0,17112264704,62914560000,4775383040,0
199,1743634901908,3696,3696,3696,3696,3696,3696,2.1729049682617188,26.76953887939453,44.96412658691406,28.07813262939453,11.572456359863281,13.956413269042969,3770.35546875,102856.56732177734,86893.67419433594,0,17112264704,62914560000,4812128256,0
200,1743634902108,3696,3696,3696,3696,3696,3696,13.755836486816406,57.74112319946289,30.551490783691406,12.367874145507813,10.604087829589844,6.3678131103515625,3770.528076171875,102861.45056152344,86897.85974121094,0,17112264704,62914560000,4844331008,0
200,1743634902308,3696,3696,3696,3696,3696,3696,32.13993835449219,57.09004211425781,30.11499786376953,5.486274719238281,1.6110382080078125,8.943412780761719,3770.6926879882813,102866.45281982422,86902.16107177734,0,17112264704,62914560000,4880195584,0
200,1743634902508,3696,3696,3696,3696,3696,3696,11.660606384277344,49.106292724609375,26.760887145996094,9.517730712890625,28.346405029296875,2.64093017578125,3770.8562622070313,102871.28778076172,86906.27716064453,0,17112264704,62914560000,4904062976,0
200,1743634902709,3696,3696,3696,3696,3696,3696,24.19609832763672,39.035072326660156,40.508262634277344,11.83868408203125,5.9039306640625,2.0178451538085938,3771.0946044921875,102875.74536132813,86909.99896240234,0,17112264704,62914560000,4872425472,0
1,1743634902909,3696,3696,3696,3696,3696,3696,1.1571273803710938,6.0262451171875,13.393524169921875,1.3503265380859375,1.5463714599609375,1.0730209350585938,3771.2185668945313,102877.42663574219,86910.97937011719,0,17112264704,62914560000,4743774208,0
