Delta,Time,CPU_FREQUENCY_0,CPU_FREQUENCY_1,CPU_FREQUENCY_2,CPU_FREQUENCY_3,CPU_FREQUENCY_4,CPU_FREQUENCY_5,CPU_USAGE_0,CPU_USAGE_1,CPU_USAGE_2,CPU_USAGE_3,CPU_USAGE_4,CPU_USAGE_5,DRAM_ENERGY (J),PACKAGE_ENERGY (J),PP0_ENERGY (J),PP1_ENERGY (J),TOTAL_MEMORY,TOTAL_SWAP,USED_MEMORY,USED_SWAP
0,1742990435749,3696,3696,3696,3696,3696,3696,40.10409927368164,56.59897232055664,25.674606323242188,74.45391845703125,28.142181396484375,37.67104721069336,2335.12451171875,39195.815673828125,27956.601623535156,0,17112264704,62914560000,7149355008,0
199,1742990435749,3696,3696,3696,3696,3696,3696,100,100,100,100,100,100,2335.1300048828125,39195.94665527344,27956.684936523438,0,17112264704,62914560000,7149207552,0
200,1742990435949,3696,3696,3696,3696,3696,3696,34.957420349121094,49.518611907958984,33.40251159667969,16.07086944580078,8.864028930664063,24.2364501953125,2335.3186645507813,39201.12481689453,27961.14324951172,0,17112264704,62914560000,7177531392,0
200,1742990436149,3696,3696,3696,3696,3696,3696,40.830421447753906,51.38976287841797,10.023849487304688,23.71868896484375,4.26116943359375,13.713859558105469,2335.4857788085938,39206.25897216797,27965.592163085938,0,17112264704,62914560000,7192969216,0
200,1742990436350,3696,3696,3696,3696,3696,3696,20.15485382080078,14.097953796386719,12.3968505859375,53.95835494995117,17.255142211914063,2.74322509765625,2335.6507568359375,39211.06866455078,27969.671630859375,0,17112264704,62914560000,7218593792,0
200,1742990436550,3696,3696,3696,3696,3696,3696,1.87213134765625,36.21358871459961,6.917655944824219,3.8514938354492188,17.77776336669922,62.90183639526367,2335.8143310546875,39215.97412109375,27973.888305664063,0,17112264704,62914560000,7272759296,0
200,1742990436751,3696,3696,3696,3696,3696,3696,4.269950866699219,82.20801544189453,49.810001373291016,2.7474746704101563,6.5843353271484375,3.0791549682617188,2336.0055541992188,39221.15557861328,27978.364807128906,0,17112264704,62914560000,7282667520,0
200,1742990436951,3696,3696,3696,3696,3696,3696,31.42302703857422,75.66375732421875,68.53306579589844,26.70050048828125,32.20818328857422,31.600418090820313,2336.357421875,39227.986755371094,27984.437072753906,0,17112264704,62914560000,7318683648,0
4,1742990437152,3696,3696,3696,3696,3696,3696,2.948944091796875,9.405921936035156,13.62823486328125,4.120368957519531,1.8762969970703125,17.194602966308594,2336.5000610351563,39229.81768798828,27985.53485107422,0,17112264704,62914560000,7162859520,0
