Delta,Time,CPU_FREQUENCY_0,CPU_FREQUENCY_1,CPU_FREQUENCY_2,CPU_FREQUENCY_3,CPU_FREQUENCY_4,CPU_FREQUENCY_5,CPU_USAGE_0,CPU_USAGE_1,CPU_USAGE_2,CPU_USAGE_3,CPU_USAGE_4,CPU_USAGE_5,DRAM_ENERGY (J),PACKAGE_ENERGY (J),PP0_ENERGY (J),PP1_ENERGY (J),TOTAL_MEMORY,TOTAL_SWAP,USED_MEMORY,USED_SWAP
0,1742990461715,3696,3696,3696,3696,3696,3696,18.8968505859375,51.64155197143555,38.7194938659668,73.62841796875,14.723129272460938,25.52251434326172,2358.4343872070313,39768.81677246094,28437.314453125,0,17112264704,62914560000,7119810560,0
200,1742990461715,3696,3696,3696,3696,3696,3696,100,100,100,100,100,100,2358.4376831054688,39768.893615722656,28437.38848876953,0,17112264704,62914560000,7122440192,0
200,1742990461916,3696,3696,3696,3696,3696,3696,8.85205078125,26.27454376220703,59.83932876586914,9.899436950683594,13.953575134277344,18.79400634765625,2358.5886840820313,39773.61364746094,28441.387573242188,0,17112264704,62914560000,7150878720,0
200,1742990462116,3696,3696,3696,3696,3696,3696,11.318466186523438,80.77023315429688,10.937660217285156,6.2224273681640625,27.277992248535156,7.0290069580078125,2358.762939453125,39778.757751464844,28445.83074951172,0,17112264704,62914560000,7173165056,0
200,1742990462317,3696,3696,3696,3696,3696,3696,2.9879226684570313,53.12428665161133,24.749359130859375,6.0891876220703125,35.070594787597656,4.8519439697265625,2358.9307250976563,39783.60284423828,28449.97576904297,0,17112264704,62914560000,7198736384,0
200,1742990462517,3696,3696,3696,3696,3696,3696,26.982223510742188,72.70832061767578,24.059539794921875,6.786201477050781,4.6395416259765625,22.937705993652344,2359.1119995117188,39789.00744628906,28454.657836914063,0,17112264704,62914560000,7246548992,0
200,1742990462717,3696,3696,3696,3696,3696,3696,24.71143341064453,80.10311889648438,6.4503173828125,3.2612457275390625,1.6160888671875,2.9684066772460938,2359.2738647460938,39793.528259277344,28458.480712890625,0,17112264704,62914560000,7261429760,0
200,1742990462918,3696,3696,3696,3696,3696,3696,30.825950622558594,73.90367126464844,6.4921875,6.220039367675781,9.764167785644531,3.9216079711914063,2359.538818359375,39798.087463378906,28462.295288085938,0,17112264704,62914560000,7177486336,0
2,1742990463118,3696,3696,3696,3696,3696,3696,12.099456787109375,13.388687133789063,21.49579620361328,4.0661468505859375,4.347663879394531,7.2750091552734375,2359.6827392578125,39801.17657470703,28464.671813964844,0,17112264704,62914560000,7171354624,0
