Delta,Time,CPU_FREQUENCY_0,CPU_FREQUENCY_1,CPU_FREQUENCY_2,CPU_FREQUENCY_3,CPU_FREQUENCY_4,CPU_FREQUENCY_5,CPU_USAGE_0,CPU_USAGE_1,CPU_USAGE_2,CPU_USAGE_3,CPU_USAGE_4,CPU_USAGE_5,DRAM_ENERGY (J),PACKAGE_ENERGY (J),PP0_ENERGY (J),PP1_ENERGY (J),TOTAL_MEMORY,TOTAL_SWAP,USED_MEMORY,USED_SWAP
0,1743634945283,3696,3696,3696,3696,3696,3696,0,32.166893005371094,0,0,0,32.4632568359375,3807.5882568359375,103766.29193115234,87649.75030517578,0,17112264704,62914560000,4773511168,0
200,1743634945283,3696,3696,3696,3696,3696,3696,100,100,100,100,100,100,3807.5935668945313,103766.37902832031,87649.80297851563,0,17112264704,62914560000,4773183488,0
200,1743634945483,3696,3696,3696,3696,3696,3696,25.271217346191406,32.630950927734375,38.9339599609375,20.685287475585938,35.376197814941406,16.381622314453125,3807.76171875,103771.5107421875,87654.24029541016,0,17112264704,62914560000,4794150912,0
198,1743634945685,3696,3696,3696,3696,3696,3696,10.582679748535156,39.84828567504883,2.4351577758789063,40.66928482055664,29.94525146484375,3.525146484375,3807.922119140625,103776.42193603516,87658.43463134766,0,17112264704,62914560000,4836278272,0
199,1743634945884,3696,3696,3696,3696,3696,3696,10.044624328613281,53.88819122314453,2.814056396484375,39.5411376953125,13.827903747558594,6.087089538574219,3808.08740234375,103781.21453857422,87662.54907226563,0,17112264704,62914560000,4861456384,0
200,1743634946084,3696,3696,3696,3696,3696,3696,26.26483917236328,60.092567443847656,5.275543212890625,19.739288330078125,20.700401306152344,1.4018020629882813,3808.2538452148438,103786.08709716797,87666.71881103516,0,17112264704,62914560000,4908650496,0
200,1743634946284,3696,3696,3696,3696,3696,3696,16.61835479736328,71.36070251464844,3.998748779296875,32.031272888183594,4.8544158935546875,3.6111526489257813,3808.4196166992188,103791.0927734375,87671.00231933594,0,17112264704,62914560000,4925005824,0
200,1743634946484,3696,3696,3696,3696,3696,3696,9.422950744628906,40.204444885253906,15.794197082519531,45.321205139160156,11.959281921386719,18.957923889160156,3808.6815795898438,103795.89990234375,87675.08544921875,0,17112264704,62914560000,4821811200,0
5,1743634946685,3696,3696,3696,3696,3696,3696,0,7.1433868408203125,0,0,0.39290618896484375,0.8438262939453125,3808.7920532226563,103796.9136352539,87675.37591552734,0,17112264704,62914560000,4771696640,0
