Delta,Time,CPU_FREQUENCY_0,CPU_FREQUENCY_1,CPU_FREQUENCY_2,CPU_FREQUENCY_3,CPU_FREQUENCY_4,CPU_FREQUENCY_5,CPU_USAGE_0,CPU_USAGE_1,CPU_USAGE_2,CPU_USAGE_3,CPU_USAGE_4,CPU_USAGE_5,DRAM_ENERGY (J),PACKAGE_ENERGY (J),PP0_ENERGY (J),PP1_ENERGY (J),TOTAL_MEMORY,TOTAL_SWAP,USED_MEMORY,USED_SWAP
0,1742990456184,3696,3696,3696,3696,3696,3696,48.56651306152344,59.69602966308594,39.77809143066406,84.61978149414063,50.519779205322266,66.02007293701172,2353.4552612304688,39646.452392578125,28334.597534179688,0,17112264704,62914560000,7147368448,0
200,1742990456184,3696,3696,3696,3696,3696,3696,100,100,100,100,100,100,2353.458740234375,39646.5068359375,28334.646240234375,0,17112264704,62914560000,7147016192,0
200,1742990456385,3696,3696,3696,3696,3696,3696,18.098602294921875,37.21885299682617,16.098365783691406,26.73450469970703,19.904502868652344,30.118148803710938,2353.6222534179688,39651.41357421875,28338.840270996094,0,17112264704,62914560000,7169638400,0
199,1742990456585,3696,3696,3696,3696,3696,3696,26.137832641601563,41.33822250366211,50.28746795654297,35.24285125732422,11.496513366699219,26.68842315673828,2353.8229370117188,39657.31298828125,28344.01513671875,0,17112264704,62914560000,7204876288,0
200,1742990456786,3696,3696,3696,3696,3696,3696,23.88903045654297,35.99169158935547,3.6506729125976563,20.309188842773438,29.0128173828125,15.553131103515625,2353.98583984375,39662.10760498047,28348.098876953125,0,17112264704,62914560000,7208177664,0
200,1742990456986,3696,3696,3696,3696,3696,3696,10.290245056152344,95.11351776123047,2.7272872924804688,4.430976867675781,11.70751953125,12.743881225585938,2354.15673828125,39666.99890136719,28352.302856445313,0,17112264704,62914560000,7261097984,0
200,1742990457186,3696,3696,3696,3696,3696,3696,27.526527404785156,72.12752532958984,18.83879852294922,25.81598663330078,38.71636962890625,24.231155395507813,2354.3817138671875,39673.164611816406,28357.75634765625,0,17112264704,62914560000,7262543872,0
200,1742990457386,3696,3696,3696,3696,3696,3696,3.243072509765625,75.32361602783203,36.111392974853516,3.400604248046875,7.31085205078125,13.570335388183594,2354.6417846679688,39677.769592285156,28361.605102539063,0,17112264704,62914560000,7258836992,0
5,1742990457587,3696,3696,3696,3696,3696,3696,2.31182861328125,12.812469482421875,6.762840270996094,6.548126220703125,6.0491790771484375,8.291000366210938,2354.7760009765625,39679.57354736328,28362.700134277344,0,17112264704,62914560000,7137689600,0
