Delta,Time,CPU_FREQUENCY_0,CPU_FREQUENCY_1,CPU_FREQUENCY_2,CPU_FREQUENCY_3,CPU_FREQUENCY_4,CPU_FREQUENCY_5,CPU_USAGE_0,CPU_USAGE_1,CPU_USAGE_2,CPU_USAGE_3,CPU_USAGE_4,CPU_USAGE_5,DRAM_ENERGY (J),PACKAGE_ENERGY (J),PP0_ENERGY (J),PP1_ENERGY (J),TOTAL_MEMORY,TOTAL_SWAP,USED_MEMORY,USED_SWAP
0,1743634897653,3696,3696,3696,3696,3696,3696,54.9100227355957,85.67280578613281,52.57012176513672,47.806541442871094,50.92598342895508,55.147274017333984,3766.7844848632813,102769.24871826172,86821.41204833984,0,17112264704,62914560000,4768428032,0
200,1743634897653,3696,3696,3696,3696,3696,3696,100,100,100,100,100,100,3766.7881469726563,102769.31286621094,86821.46887207031,0,17112264704,62914560000,4768526336,0
200,1743634897853,3696,3696,3696,3696,3696,3696,27.172744750976563,41.65763473510742,10.70989990234375,10.752616882324219,42.53246307373047,5.771919250488281,3766.9390869140625,102774.3334350586,86825.7739868164,0,17112264704,62914560000,4792410112,0
200,1743634898053,3696,3696,3696,3696,3696,3696,15.667747497558594,14.51495361328125,24.022430419921875,55.02851486206055,19.790916442871094,6.9756622314453125,3767.1097412109375,102779.24060058594,86829.9984741211,0,17112264704,62914560000,4824645632,0
200,1743634898254,3696,3696,3696,3696,3696,3696,25.077735900878906,32.69389343261719,4.487152099609375,52.26646423339844,4.513275146484375,12.289199829101563,3767.2781372070313,102784.15869140625,86834.18151855469,0,17112264704,62914560000,4848123904,0
200,1743634898454,3696,3696,3696,3696,3696,3696,10.687606811523438,67.61094665527344,14.297943115234375,18.080322265625,23.230392456054688,9.660285949707031,3767.4527587890625,102789.205078125,86838.52465820313,0,17112264704,62914560000,4888014848,0
200,1743634898654,3696,3696,3696,3696,3696,3696,4.2620849609375,74.47380065917969,11.775680541992188,1.9674530029296875,25.41327667236328,4.47564697265625,3767.6133422851563,102793.85870361328,86842.48114013672,0,17112264704,62914560000,4875612160,0
200,1743634898855,3696,3696,3696,3696,3696,3696,15.584716796875,29.8134765625,9.482696533203125,9.509628295898438,41.441280364990234,15.43377685546875,3767.8593139648438,102798.14587402344,86846.03619384766,0,17112264704,62914560000,4761165824,0
5,1743634899055,3696,3696,3696,3696,3696,3696,3.41455078125,1.81427001953125,0.7798995971679688,0,0.5612640380859375,0,3767.971435546875,102799.1611328125,86846.33721923828,0,17112264704,62914560000,4750524416,0
