Delta,Time,CPU_FREQUENCY_0,CPU_FREQUENCY_1,CPU_FREQUENCY_2,CPU_FREQUENCY_3,CPU_FREQUENCY_4,CPU_FREQUENCY_5,CPU_USAGE_0,CPU_USAGE_1,CPU_USAGE_2,CPU_USAGE_3,CPU_USAGE_4,CPU_USAGE_5,DRAM_ENERGY (J),PACKAGE_ENERGY (J),PP0_ENERGY (J),PP1_ENERGY (J),TOTAL_MEMORY,TOTAL_SWAP,USED_MEMORY,USED_SWAP
0,1743634935908,3696,3696,3696,3696,3696,3696,19.386306762695313,57.440574645996094,3.6192169189453125,17.04961395263672,0.9268722534179688,57.94783020019531,3799.508544921875,103568.7905883789,87485.45385742188,0,17112264704,62914560000,4773691392,0
199,1743634935908,3696,3696,3696,3696,3696,3696,100,100,100,100,100,100,3799.5120239257813,103568.84558105469,87485.5025024414,0,17112264704,62914560000,4773806080,0
200,1743634936108,3696,3696,3696,3696,3696,3696,52.27423858642578,37.406532287597656,24.13037872314453,14.244453430175781,10.485443115234375,19.65038299560547,3799.6762084960938,103574.07153320313,87490.03387451172,0,17112264704,62914560000,4796444672,0
198,1743634936310,3696,3696,3696,3696,3696,3696,11.435073852539063,53.74943542480469,11.483360290527344,1.5055618286132813,10.104179382324219,36.24415969848633,3799.8363647460938,103578.97442626953,87494.21740722656,0,17112264704,62914560000,4832108544,0
200,1743634936509,3696,3696,3696,3696,3696,3696,21.928009033203125,7.018333435058594,15.75018310546875,24.68457794189453,5.550575256347656,59.78020477294922,3800.0046997070313,103583.85144042969,87498.38995361328,0,17112264704,62914560000,4863041536,0
200,1743634936710,3696,3696,3696,3696,3696,3696,31.28124237060547,82.02207946777344,10.986747741699219,5.6250457763671875,2.0112152099609375,2.6760101318359375,3800.1760864257813,103588.78662109375,87502.63146972656,0,17112264704,62914560000,4908490752,0
200,1743634936910,3696,3696,3696,3696,3696,3696,9.131790161132813,48.05453872680664,3.0298614501953125,3.9212570190429688,11.398422241210938,49.38991165161133,3800.3385620117188,103593.62530517578,87506.74993896484,0,17112264704,62914560000,4892438528,0
200,1743634937110,3696,3696,3696,3696,3696,3696,30.356224060058594,56.13484573364258,27.77991485595703,31.23430633544922,19.040298461914063,22.06304168701172,3800.6325073242188,103599.02081298828,87511.43212890625,0,17112264704,62914560000,4890796032,0
5,1743634937311,3696,3696,3696,3696,3696,3696,3.2722930908203125,2.894378662109375,0,0,5.0636749267578125,0,3800.7594604492188,103600.60748291016,87512.27349853516,0,17112264704,62914560000,4766371840,0
