Delta,Time,CPU_FREQUENCY_0,CPU_FREQUENCY_1,CPU_FREQUENCY_2,CPU_FREQUENCY_3,CPU_FREQUENCY_4,CPU_FREQUENCY_5,CPU_USAGE_0,CPU_USAGE_1,CPU_USAGE_2,CPU_USAGE_3,CPU_USAGE_4,CPU_USAGE_5,DRAM_ENERGY (J),PACKAGE_ENERGY (J),PP0_ENERGY (J),PP1_ENERGY (J),TOTAL_MEMORY,TOTAL_SWAP,USED_MEMORY,USED_SWAP
0,1742990420381,3696,3696,3696,3696,3696,3696,0,43.254764556884766,0,0,0,43.4098014831543,2321.3662719726563,38861.990661621094,27677.343017578125,0,17112264704,62914560000,7213285376,0
199,1742990420381,3696,3696,3696,3696,3696,3696,100,100,100,100,100,100,2321.3695678710938,38862.04412841797,27677.389404296875,0,17112264704,62914560000,7217217536,0
199,1742990420581,3696,3696,3696,3696,3696,3696,34.81591033935547,62.757110595703125,13.764884948730469,7.579093933105469,11.974296569824219,11.856353759765625,2321.5234375,38866.80798339844,27681.46307373047,0,17112264704,62914560000,7251861504,0
200,1742990420782,3696,3696,3696,3696,3696,3696,11.23748779296875,21.66516876220703,4.613746643066406,14.641105651855469,66.76182556152344,5.451835632324219,2321.685302734375,38871.649841308594,27685.578735351563,0,17112264704,62914560000,7287480320,0
200,1742990420982,3696,3696,3696,3696,3696,3696,38.04070281982422,45.06441879272461,14.306083679199219,8.476394653320313,29.579666137695313,15.646476745605469,2321.8753662109375,38876.78350830078,27690.003295898438,0,17112264704,62914560000,7310938112,0
199,1742990421182,3696,3696,3696,3696,3696,3696,84.23045349121094,10.630584716796875,27.896888732910156,7.108978271484375,9.348945617675781,4.8388824462890625,2322.0508422851563,38881.79406738281,27694.30633544922,0,17112264704,62914560000,7334985728,0
200,1742990421382,3696,3696,3696,3696,3696,3696,29.559219360351563,17.256301879882813,51.56581115722656,21.266685485839844,6.4732818603515625,14.841789245605469,2322.2329711914063,38886.66632080078,27698.48260498047,0,17112264704,62914560000,7341690880,0
200,1742990421583,3696,3696,3696,3696,3696,3696,27.10760498046875,66.1961669921875,25.427032470703125,12.002464294433594,22.11011505126953,33.18492889404297,2322.5330810546875,38892.086669921875,27703.143798828125,0,17112264704,62914560000,7357956096,0
4,1742990421783,3696,3696,3696,3696,3696,3696,6.08544921875,7.929054260253906,5.5216827392578125,13.456375122070313,2.3689651489257813,7.5479888916015625,2322.66845703125,38894.395080566406,27704.734436035156,0,17112264704,62914560000,7220121600,0
