Delta,Time,CPU_FREQUENCY_0,CPU_FREQUENCY_1,CPU_FREQUENCY_2,CPU_FREQUENCY_3,CPU_FREQUENCY_4,CPU_FREQUENCY_5,CPU_USAGE_0,CPU_USAGE_1,CPU_USAGE_2,CPU_USAGE_3,CPU_USAGE_4,CPU_USAGE_5,DRAM_ENERGY (J),PACKAGE_ENERGY (J),PP0_ENERGY (J),PP1_ENERGY (J),TOTAL_MEMORY,TOTAL_SWAP,USED_MEMORY,USED_SWAP
0,1742990428086,3696,3696,3696,3696,3696,3696,100,100,100,100,100,100,2328.267333984375,39028.45556640625,27816.424743652344,0,17112264704,62914560000,7195783168,0
200,1742990428086,3696,3696,3696,3696,3696,3696,100,100,100,100,100,100,2328.2705688476563,39028.511962890625,27816.47247314453,0,17112264704,62914560000,7195062272,0
200,1742990428287,3696,3696,3696,3696,3696,3696,19.245452880859375,43.4522705078125,24.448989868164063,30.97406768798828,66.2940673828125,22.010215759277344,2328.4485473632813,39034.08270263672,27821.31915283203,0,17112264704,62914560000,7220301824,0
200,1742990428487,3696,3696,3696,3696,3696,3696,58.05157470703125,12.861373901367188,9.091445922851563,4.4418182373046875,38.90507125854492,9.773971557617188,2328.6130981445313,39038.981384277344,27825.525146484375,0,17112264704,62914560000,7258255360,0
200,1742990428687,3696,3696,3696,3696,3696,3696,10.388900756835938,40.08626174926758,20.80950164794922,24.627685546875,67.70903015136719,23.339317321777344,2328.8406372070313,39044.80627441406,27830.649169921875,0,17112264704,62914560000,7280291840,0
200,1742990428888,3696,3696,3696,3696,3696,3696,13.576644897460938,96.72535705566406,6.1392364501953125,8.946029663085938,8.510597229003906,3.882080078125,2329.013671875,39049.668518066406,27834.775146484375,0,17112264704,62914560000,7333556224,0
200,1742990429088,3696,3696,3696,3696,3696,3696,6.320594787597656,68.36166381835938,34.742645263671875,9.1112060546875,4.235420227050781,9.516372680664063,2329.1817626953125,39054.446044921875,27838.856079101563,0,17112264704,62914560000,7346106368,0
201,1742990429288,3696,3696,3696,3696,3696,3696,5.455818176269531,54.969390869140625,54.2591667175293,2.8882217407226563,6.687896728515625,3.5020904541015625,2329.429443359375,39059.09558105469,27842.764038085938,0,17112264704,62914560000,7344050176,0
3,1742990429490,3696,3696,3696,3696,3696,3696,7.032691955566406,12.590034484863281,8.165756225585938,7.205085754394531,10.926658630371094,13.298576354980469,2329.5621948242188,39061.01232910156,27843.97540283203,0,17112264704,62914560000,7140630528,0
