Delta,Time,CPU_FREQUENCY_0,CPU_FREQUENCY_1,CPU_FREQUENCY_2,CPU_FREQUENCY_3,CPU_FREQUENCY_4,CPU_FREQUENCY_5,CPU_USAGE_0,CPU_USAGE_1,CPU_USAGE_2,CPU_USAGE_3,CPU_USAGE_4,CPU_USAGE_5,DRAM_ENERGY (J),PACKAGE_ENERGY (J),PP0_ENERGY (J),PP1_ENERGY (J),TOTAL_MEMORY,TOTAL_SWAP,USED_MEMORY,USED_SWAP
0,1742990448912,3696,3696,3696,3696,3696,3696,100,100,100,100,100,100,2346.85546875,39482.331787109375,28196.323608398438,0,17112264704,62914560000,7120183296,0
199,1742990448912,3696,3696,3696,3696,3696,3696,100,100,100,100,100,100,2346.8619995117188,39482.412109375,28196.382202148438,0,17112264704,62914560000,7120216064,0
200,1742990449112,3696,3696,3696,3696,3696,3696,29.647140502929688,62.037567138671875,17.505218505859375,25.267303466796875,26.16699981689453,20.916893005371094,2347.0499267578125,39487.53076171875,28200.80010986328,0,17112264704,62914560000,7142563840,0
198,1742990449314,3696,3696,3696,3696,3696,3696,21.601715087890625,36.04813766479492,5.357612609863281,12.510734558105469,39.7957763671875,32.086402893066406,2347.229248046875,39492.727966308594,28205.276916503906,0,17112264704,62914560000,7195394048,0
200,1742990449513,3696,3696,3696,3696,3696,3696,21.165313720703125,28.378341674804688,13.563514709472656,35.76307678222656,18.95439910888672,8.877532958984375,2347.398193359375,39497.46496582031,28209.31170654297,0,17112264704,62914560000,7220699136,0
200,1742990449713,3696,3696,3696,3696,3696,3696,28.532432556152344,29.197509765625,1.37677001953125,17.60816192626953,15.668960571289063,42.02020263671875,2347.5652465820313,39502.43536376953,28213.56591796875,0,17112264704,62914560000,7262642176,0
200,1742990449914,3696,3696,3696,3696,3696,3696,31.097686767578125,15.742103576660156,7.551383972167969,5.710624694824219,35.919212341308594,35.83531951904297,2347.7296752929688,39507.06689453125,28217.51123046875,0,17112264704,62914560000,7247400960,0
200,1742990450114,3696,3696,3696,3696,3696,3696,18.1478271484375,37.339202880859375,30.71735382080078,36.22334289550781,33.408599853515625,12.6956787109375,2347.9923706054688,39512.230407714844,28221.942321777344,0,17112264704,62914560000,7262068736,0
2,1742990450314,3696,3696,3696,3696,3696,3696,4.034355163574219,7.343315124511719,15.695320129394531,11.2467041015625,16.364166259765625,16.12694549560547,2348.1526489257813,39514.938903808594,28223.941345214844,0,17112264704,62914560000,7133700096,0
