Delta,Time,CPU_FREQUENCY_0,CPU_FREQUENCY_1,CPU_FREQUENCY_2,CPU_FREQUENCY_3,CPU_FREQUENCY_4,CPU_FREQUENCY_5,CPU_USAGE_0,CPU_USAGE_1,CPU_USAGE_2,CPU_USAGE_3,CPU_USAGE_4,CPU_USAGE_5,DRAM_ENERGY (J),PACKAGE_ENERGY (J),PP0_ENERGY (J),PP1_ENERGY (J),TOTAL_MEMORY,TOTAL_SWAP,USED_MEMORY,USED_SWAP
0,1743634949084,3696,3696,3696,3696,3696,3696,100,100,100,100,100,100,3810.8087768554688,103846.22705078125,87716.21063232422,0,17112264704,62914560000,4771102720,0
200,1743634949084,3696,3696,3696,3696,3696,3696,81.83527374267578,96.82120513916016,76.48804473876953,83.68525695800781,81.6805191040039,98.453125,3810.8167724609375,103846.28619384766,87716.2509765625,0,17112264704,62914560000,4771135488,0
200,1743634949285,3696,3696,3696,3696,3696,3696,32.044708251953125,33.916236877441406,19.751876831054688,5.0556793212890625,11.079780578613281,31.863059997558594,3810.9616088867188,103850.97570800781,87720.26147460938,0,17112264704,62914560000,4793372672,0
198,1743634949486,3696,3696,3696,3696,3696,3696,22.78504180908203,39.46438980102539,20.047645568847656,32.65625762939453,11.138984680175781,27.5030517578125,3811.1484375,103856.34729003906,87724.91479492188,0,17112264704,62914560000,4834148352,0
200,1743634949685,3696,3696,3696,3696,3696,3696,12.8428955078125,27.01490020751953,35.74090576171875,35.99140167236328,4.942901611328125,10.177040100097656,3811.3123779296875,103861.20056152344,87729.06201171875,0,17112264704,62914560000,4860133376,0
200,1743634949885,3696,3696,3696,3696,3696,3696,45.599029541015625,27.753379821777344,13.489250183105469,38.95009994506836,5.327705383300781,3.5975112915039063,3811.4835205078125,103866.14520263672,87733.30603027344,0,17112264704,62914560000,4904054784,0
199,1743634950086,3696,3696,3696,3696,3696,3696,11.052841186523438,65.37203216552734,30.130638122558594,3.0915145874023438,1.6699447631835938,0.8364639282226563,3811.63818359375,103870.85943603516,87737.30603027344,0,17112264704,62914560000,4922937344,0
200,1743634950286,3696,3696,3696,3696,3696,3696,14.663421630859375,71.66216278076172,4.687858581542969,20.571914672851563,8.726478576660156,7.742179870605469,3811.8909912109375,103875.36657714844,87741.08349609375,0,17112264704,62914560000,4918870016,0
2,1743634950486,3696,3696,3696,3696,3696,3696,15.982582092285156,9.141693115234375,9.548690795898438,15.982879638671875,14.517066955566406,25.011756896972656,3812.0579833984375,103877.85473632813,87742.85919189453,0,17112264704,62914560000,4770963456,0
