Delta,Time,CPU_FREQUENCY_0,CPU_FREQUENCY_1,CPU_FREQUENCY_2,CPU_FREQUENCY_3,CPU_FREQUENCY_4,CPU_FREQUENCY_5,CPU_USAGE_0,CPU_USAGE_1,CPU_USAGE_2,CPU_USAGE_3,CPU_USAGE_4,CPU_USAGE_5,DRAM_ENERGY (J),PACKAGE_ENERGY (J),PP0_ENERGY (J),PP1_ENERGY (J),TOTAL_MEMORY,TOTAL_SWAP,USED_MEMORY,USED_SWAP
0,1742990465330,3696,3696,3696,3696,3696,3696,38.58279037475586,57.36495590209961,41.49205017089844,80.1650619506836,38.19840621948242,44.696746826171875,2361.6111450195313,39849.044189453125,28504.709716796875,0,17112264704,62914560000,7130726400,0
200,1742990465330,3696,3696,3696,3696,3696,3696,100,100,100,100,100,100,2361.6167602539063,39849.155334472656,28504.840698242188,0,17112264704,62914560000,7117479936,0
200,1742990465530,3696,3696,3696,3696,3696,3696,9.309089660644531,46.37504959106445,28.74199676513672,33.716270446777344,11.484825134277344,36.440059661865234,2361.7932739257813,39854.472595214844,28509.40216064453,0,17112264704,62914560000,7146512384,0
198,1742990465732,3696,3696,3696,3696,3696,3696,10.93487548828125,57.143333435058594,20.909019470214844,26.972381591796875,15.368804931640625,9.408226013183594,2361.9644775390625,39859.5634765625,28513.788818359375,0,17112264704,62914560000,7183671296,0
199,1742990465931,3696,3696,3696,3696,3696,3696,23.100563049316406,30.605911254882813,14.521087646484375,32.63313293457031,20.92486572265625,2.0343246459960938,2362.1321411132813,39864.396057128906,28517.915954589844,0,17112264704,62914560000,7208566784,0
200,1742990466131,3696,3696,3696,3696,3696,3696,7.7128753662109375,64.14955139160156,38.919429779052734,14.281883239746094,8.193191528320313,19.420677185058594,2362.3062744140625,39869.619079589844,28522.43212890625,0,17112264704,62914560000,7230951424,0
200,1742990466331,3696,3696,3696,3696,3696,3696,25.19489288330078,6.564857482910156,58.05709457397461,21.71734619140625,1.9424819946289063,6.254264831542969,2362.4686279296875,39874.21405029297,28526.330200195313,0,17112264704,62914560000,7237533696,0
200,1742990466531,3696,3696,3696,3696,3696,3696,20.375587463378906,62.570045471191406,27.93950653076172,12.26263427734375,21.297561645507813,24.750144958496094,2362.7601928710938,39879.43475341797,28530.805541992188,0,17112264704,62914560000,7237185536,0
5,1742990466732,3696,3696,3696,3696,3696,3696,9.114524841308594,15.662269592285156,14.6295166015625,9.450576782226563,6.055908203125,8.79180908203125,2362.9027709960938,39881.492248535156,28532.143188476563,0,17112264704,62914560000,7124623360,0
