Delta,Time,CPU_FREQUENCY_0,CPU_FREQUENCY_1,CPU_FREQUENCY_2,CPU_FREQUENCY_3,CPU_FREQUENCY_4,CPU_FREQUENCY_5,CPU_USAGE_0,CPU_USAGE_1,CPU_USAGE_2,CPU_USAGE_3,CPU_USAGE_4,CPU_USAGE_5,DRAM_ENERGY (J),PACKAGE_ENERGY (J),PP0_ENERGY (J),PP1_ENERGY (J),TOTAL_MEMORY,TOTAL_SWAP,USED_MEMORY,USED_SWAP
0,1742990422297,3696,3696,3696,3696,3696,3696,69.4743423461914,85.25041961669922,48.410369873046875,55.55491638183594,39.62598419189453,60.4891357421875,2323.0779418945313,38903.10137939453,27711.657653808594,0,17112264704,62914560000,7231307776,0
200,1742990422297,3696,3696,3696,3696,3696,3696,100,100,100,100,100,100,2323.0833740234375,38903.18524169922,27711.70916748047,0,17112264704,62914560000,7230943232,0
199,1742990422497,3696,3696,3696,3696,3696,3696,38.30210876464844,46.9923095703125,15.248115539550781,12.55230712890625,30.114646911621094,13.559829711914063,2323.25341796875,38908.356872558594,27716.194396972656,0,17112264704,62914560000,7239266304,0
200,1742990422698,3696,3696,3696,3696,3696,3696,2.8720703125,14.922523498535156,34.41172790527344,52.139892578125,18.005508422851563,2.36895751953125,2323.4151611328125,38913.217346191406,27720.35516357422,0,17112264704,62914560000,7277600768,0
200,1742990422898,3696,3696,3696,3696,3696,3696,12.92828369140625,28.851600646972656,43.31950378417969,12.565986633300781,46.92637252807617,9.182708740234375,2323.608642578125,38918.41473388672,27724.827392578125,0,17112264704,62914560000,7313928192,0
200,1742990423098,3696,3696,3696,3696,3696,3696,1.1141281127929688,67.80899810791016,49.06320571899414,3.4891815185546875,2.5337066650390625,6.44085693359375,2323.7745361328125,38923.336975097656,27729.030151367188,0,17112264704,62914560000,7353794560,0
200,1742990423298,3696,3696,3696,3696,3696,3696,1.7296295166015625,60.16275405883789,40.62574005126953,11.402069091796875,1.5636825561523438,8.524879455566406,2323.9367065429688,38928.089599609375,27733.091857910156,0,17112264704,62914560000,7378403328,0
200,1742990423499,3696,3696,3696,3696,3696,3696,14.764945983886719,77.14614868164063,34.448570251464844,17.965591430664063,14.744316101074219,6.672187805175781,2324.2341918945313,38933.269104003906,27737.513916015625,0,17112264704,62914560000,7340716032,0
5,1742990423700,3696,3696,3696,3696,3696,3696,0,5.600822448730469,6.136436462402344,0,0,1.1551437377929688,2324.352783203125,38934.97155761719,27738.502868652344,0,17112264704,62914560000,7252070400,0
