Delta,Time,CPU_FREQUENCY_0,CPU_FREQUENCY_1,CPU_FREQUENCY_2,CPU_FREQUENCY_3,CPU_FREQUENCY_4,CPU_FREQUENCY_5,CPU_USAGE_0,CPU_USAGE_1,CPU_USAGE_2,CPU_USAGE_3,CPU_USAGE_4,CPU_USAGE_5,DRAM_ENERGY (J),PACKAGE_ENERGY (J),PP0_ENERGY (J),PP1_ENERGY (J),TOTAL_MEMORY,TOTAL_SWAP,USED_MEMORY,USED_SWAP
0,1742990414637,3696,3696,3696,3696,3696,3696,100,100,100,100,100,100,2316.2626953125,38738.66223144531,27574.412353515625,0,17112264704,62914560000,7225012224,0
200,1742990414637,3696,3696,3696,3696,3696,3696,100,100,100,100,100,100,2316.26611328125,38738.721252441406,27574.46746826172,0,17112264704,62914560000,7225004032,0
200,1742990414837,3696,3696,3696,3696,3696,3696,41.59800338745117,55.40690612792969,18.244346618652344,13.413986206054688,23.89905548095703,20.859817504882813,2316.43603515625,38743.933837890625,27578.97528076172,0,17112264704,62914560000,7259037696,0
200,1742990415038,3696,3696,3696,3696,3696,3696,51.5946044921875,60.95409393310547,22.65129852294922,11.489288330078125,13.833984375,14.2362060546875,2316.639892578125,38749.63244628906,27583.935485839844,0,17112264704,62914560000,7303749632,0
200,1742990415238,3696,3696,3696,3696,3696,3696,25.9434814453125,44.435855865478516,60.03948974609375,29.55175018310547,42.32843780517578,12.281349182128906,2316.8844604492188,38755.82214355469,27589.405151367188,0,17112264704,62914560000,7328903168,0
200,1742990415439,3696,3696,3696,3696,3696,3696,1.991119384765625,26.404403686523438,28.262489318847656,10.402015686035156,59.61882019042969,1.8788070678710938,2317.0521240234375,38760.541076660156,27593.425048828125,0,17112264704,62914560000,7360770048,0
200,1742990415639,3696,3696,3696,3696,3696,3696,3.4420318603515625,18.77295684814453,46.905235290527344,3.2998580932617188,23.868331909179688,25.29925537109375,2317.2076416015625,38765.25134277344,27597.44403076172,0,17112264704,62914560000,7382634496,0
200,1742990415840,3696,3696,3696,3696,3696,3696,18.091018676757813,53.567840576171875,39.313812255859375,5.986671447753906,9.190269470214844,15.545974731445313,2317.4679565429688,38770.031311035156,27601.47119140625,0,17112264704,62914560000,7347621888,0
4,1742990416040,3696,3696,3696,3696,3696,3696,0,4.619316101074219,0,5.213165283203125,0,5.9711151123046875,2317.585205078125,38771.59069824219,27602.324279785156,0,17112264704,62914560000,7226650624,0
