Delta,Time,CPU_FREQUENCY_0,CPU_FREQUENCY_1,CPU_FREQUENCY_2,CPU_FREQUENCY_3,CPU_FREQUENCY_4,CPU_FREQUENCY_5,CPU_USAGE_0,CPU_USAGE_1,CPU_USAGE_2,CPU_USAGE_3,CPU_USAGE_4,CPU_USAGE_5,DRAM_ENERGY (J),PACKAGE_ENERGY (J),PP0_ENERGY (J),PP1_ENERGY (J),TOTAL_MEMORY,TOTAL_SWAP,USED_MEMORY,USED_SWAP
0,1743634939747,3696,3696,3696,3696,3696,3696,49.01578140258789,85.29046630859375,39.87580490112305,63.90885543823242,46.37329864501953,66.0032730102539,3802.8338012695313,103648.98803710938,87552.05749511719,0,17112264704,62914560000,4772065280,0
199,1743634939747,3696,3696,3696,3696,3696,3696,100,100,100,100,100,100,3802.8373413085938,103649.04382324219,87552.10443115234,0,17112264704,62914560000,4771745792,0
200,1743634939947,3696,3696,3696,3696,3696,3696,46.90510940551758,48.65657043457031,9.460113525390625,12.867012023925781,5.3850250244140625,8.849395751953125,3802.9876098632813,103653.822265625,87556.16870117188,0,17112264704,62914560000,4796071936,0
199,1743634940149,3696,3696,3696,3696,3696,3696,30.155288696289063,43.20426940917969,19.523963928222656,21.995285034179688,17.983810424804688,7.762184143066406,3803.1552124023438,103658.90356445313,87560.52746582031,0,17112264704,62914560000,4831014912,0
200,1743634940348,3696,3696,3696,3696,3696,3696,33.079307556152344,7.465339660644531,1.7417449951171875,60.87336349487305,9.547088623046875,8.405967712402344,3803.3185424804688,103663.61163330078,87564.53790283203,0,17112264704,62914560000,4864638976,0
200,1743634940548,3696,3696,3696,3696,3696,3696,28.187881469726563,51.494571685791016,26.69408416748047,4.156150817871094,9.104705810546875,20.469276428222656,3803.4832763671875,103668.57440185547,87568.80737304688,0,17112264704,62914560000,4906684416,0
200,1743634940749,3696,3696,3696,3696,3696,3696,17.01959991455078,51.640953063964844,3.895782470703125,3.3057937622070313,2.5470352172851563,41.484153747558594,3803.6478271484375,103673.12548828125,87572.65612792969,0,17112264704,62914560000,4927827968,0
1,1743634940949,3696,3696,3696,3696,3696,3696,16.453208923339844,53.91244125366211,4.522193908691406,13.294395446777344,38.5273323059082,4.48663330078125,3803.8978881835938,103677.58142089844,87576.37048339844,0,17112264704,62914560000,4765503488,0
