Delta,Time,CPU_FREQUENCY_0,CPU_FREQUENCY_1,CPU_FREQUENCY_2,CPU_FREQUENCY_3,CPU_FREQUENCY_4,CPU_FREQUENCY_5,CPU_USAGE_0,CPU_USAGE_1,CPU_USAGE_2,CPU_USAGE_3,CPU_USAGE_4,CPU_USAGE_5,DRAM_ENERGY (J),PACKAGE_ENERGY (J),PP0_ENERGY (J),PP1_ENERGY (J),TOTAL_MEMORY,TOTAL_SWAP,USED_MEMORY,USED_SWAP
0,1743634895706,3696,3696,3696,3696,3696,3696,100,100,100,100,100,100,3765.1036987304688,102729.7280883789,86788.34686279297,0,17112264704,62914560000,4801445888,0
200,1743634895706,3696,3696,3696,3696,3696,3696,100,100,100,100,100,100,3765.108642578125,102729.81262207031,86788.40905761719,0,17112264704,62914560000,4801417216,0
200,1743634895906,3696,3696,3696,3696,3696,3696,29.57891082763672,66.55494689941406,23.660240173339844,14.626930236816406,18.953125,12.802566528320313,3765.2644653320313,102734.53442382813,86792.74908447266,0,17112264704,62914560000,4806033408,0
198,1743634896108,3696,3696,3696,3696,3696,3696,48.313133239746094,35.102386474609375,1.8509979248046875,23.77648162841797,8.985336303710938,11.536956787109375,3765.4303588867188,102739.38000488281,86797.0171508789,0,17112264704,62914560000,4848001024,0
200,1743634896307,3696,3696,3696,3696,3696,3696,18.573471069335938,58.363670349121094,26.135574340820313,6.986473083496094,19.908790588378906,19.66735076904297,3765.6055297851563,102744.49346923828,86801.42944335938,0,17112264704,62914560000,4872998912,0
200,1743634896507,3696,3696,3696,3696,3696,3696,20.60041046142578,84.9590072631836,11.560874938964844,6.2788848876953125,10.909774780273438,2.5826644897460938,3765.7776489257813,102749.46978759766,86805.70721435547,0,17112264704,62914560000,4920156160,0
200,1743634896708,3696,3696,3696,3696,3696,3696,3.5501937866210938,63.7542839050293,1.7237472534179688,25.90093231201172,5.6618194580078125,14.275772094726563,3765.9359130859375,102754.38208007813,86809.90045166016,0,17112264704,62914560000,4936462336,0
200,1743634896908,3696,3696,3696,3696,3696,3696,21.17450714111328,22.500289916992188,29.529296875,4.3782501220703125,47.00352096557617,2.8263168334960938,3766.1912841796875,102758.89471435547,86813.69830322266,0,17112264704,62914560000,4900536320,0
3,1743634897109,3696,3696,3696,3696,3696,3696,9.030120849609375,4.892601013183594,2.7844314575195313,0.20864105224609375,0.33705902099609375,5.3053436279296875,3766.3221435546875,102760.3158569336,86814.38958740234,0,17112264704,62914560000,4814921728,0
