Delta,Time,CPU_FREQUENCY_0,CPU_FREQUENCY_1,CPU_FREQUENCY_2,CPU_FREQUENCY_3,CPU_FREQUENCY_4,CPU_FREQUENCY_5,CPU_USAGE_0,CPU_USAGE_1,CPU_USAGE_2,CPU_USAGE_3,CPU_USAGE_4,CPU_USAGE_5,DRAM_ENERGY (J),PACKAGE_ENERGY (J),PP0_ENERGY (J),PP1_ENERGY (J),TOTAL_MEMORY,TOTAL_SWAP,USED_MEMORY,USED_SWAP
0,1742990411024,3696,3696,3696,3696,3696,3696,100,100,100,100,100,100,2313.0944213867188,38662.054748535156,27508.251953125,0,17112264704,62914560000,7258800128,0
200,1742990411024,3696,3696,3696,3696,3696,3696,93.7047119140625,99.79890441894531,92.5817642211914,93.65299987792969,90.48652648925781,92.64241027832031,2313.100341796875,38662.16760253906,27508.35223388672,0,17112264704,62914560000,7258095616,0
200,1742990411224,3696,3696,3696,3696,3696,3696,27.098533630371094,20.47003936767578,21.43860626220703,12.98736572265625,22.07117462158203,32.40821838378906,2313.2559814453125,38666.7021484375,27512.645751953125,0,17112264704,62914560000,7280697344,0
200,1742990411425,3696,3696,3696,3696,3696,3696,7.582695007324219,19.71135711669922,14.151771545410156,4.500144958496094,72.63140869140625,4.5530853271484375,2313.4165649414063,38671.13171386719,27516.799865722656,0,17112264704,62914560000,7316643840,0
200,1742990411625,3696,3696,3696,3696,3696,3696,29.00225830078125,19.585426330566406,38.916046142578125,17.680870056152344,24.18224334716797,8.557830810546875,2313.5879516601563,38675.75207519531,27521.15008544922,0,17112264704,62914560000,7319412736,0
200,1742990411826,3696,3696,3696,3696,3696,3696,5.721443176269531,92.09711456298828,16.0296630859375,5.2694549560546875,11.261581420898438,13.374885559082031,2313.7679443359375,38680.41271972656,27525.38653564453,0,17112264704,62914560000,7377174528,0
200,1742990412027,3696,3696,3696,3696,3696,3696,1.4401321411132813,17.948455810546875,12.526504516601563,31.94561004638672,16.44420623779297,38.10786819458008,2313.9255981445313,38684.807861328125,27529.35076904297,0,17112264704,62914560000,7382216704,0
200,1742990412227,3696,3696,3696,3696,3696,3696,14.388801574707031,32.96678161621094,61.67021179199219,17.714149475097656,17.04509735107422,15.838973999023438,2314.2157592773438,38689.609130859375,27533.719177246094,0,17112264704,62914560000,7379546112,0
5,1742990412427,3696,3696,3696,3696,3696,3696,0.02613067626953125,2.3231582641601563,0,0.5417251586914063,4.1050872802734375,0,2314.3297119140625,38690.86169433594,27534.436157226563,0,17112264704,62914560000,7258771456,0
