Delta,Time,CPU_FREQUENCY_0,CPU_FREQUENCY_1,CPU_FREQUENCY_2,CPU_FREQUENCY_3,CPU_FREQUENCY_4,CPU_FREQUENCY_5,CPU_USAGE_0,CPU_USAGE_1,CPU_USAGE_2,CPU_USAGE_3,CPU_USAGE_4,CPU_USAGE_5,DRAM_ENERGY (J),PACKAGE_ENERGY (J),PP0_ENERGY (J),PP1_ENERGY (J),TOTAL_MEMORY,TOTAL_SWAP,USED_MEMORY,USED_SWAP
0,1742990424234,3696,3696,3696,3696,3696,3696,100,100,100,100,100,100,2324.8174438476563,38944.964782714844,27746.60723876953,0,17112264704,62914560000,7218348032,0
200,1742990424234,3696,3696,3696,3696,3696,3696,91.84961700439453,99.8976821899414,86.06281280517578,88.58306884765625,84.97310638427734,89.5218505859375,2324.8204956054688,38945.024169921875,27746.67401123047,0,17112264704,62914560000,7218184192,0
199,1742990424434,3696,3696,3696,3696,3696,3696,33.568092346191406,52.18040466308594,26.960281372070313,8.926582336425781,9.345260620117188,10.851776123046875,2324.9752807617188,38949.978454589844,27750.94024658203,0,17112264704,62914560000,7244349440,0
200,1742990424635,3696,3696,3696,3696,3696,3696,10.332191467285156,84.36231994628906,16.76532745361328,5.986083984375,19.82642364501953,13.370010375976563,2325.1700439453125,38955.37561035156,27755.597290039063,0,17112264704,62914560000,7293861888,0
200,1742990424835,3696,3696,3696,3696,3696,3696,9.301734924316406,69.22698974609375,39.5322265625,9.291610717773438,7.160064697265625,10.668380737304688,2325.3504638671875,38960.57360839844,27760.080505371094,0,17112264704,62914560000,7318626304,0
200,1742990425035,3696,3696,3696,3696,3696,3696,11.776657104492188,33.942726135253906,31.34880828857422,28.09528350830078,50.545841217041016,12.84112548828125,2325.5503540039063,38966.02325439453,27764.832397460938,0,17112264704,62914560000,7349927936,0
200,1742990425236,3696,3696,3696,3696,3696,3696,4.1385345458984375,85.78678894042969,8.138336181640625,10.631202697753906,8.994209289550781,10.706947326660156,2325.7128295898438,38970.869201660156,27768.964416503906,0,17112264704,62914560000,7319379968,0
200,1742990425436,3696,3696,3696,3696,3696,3696,7.4129180908203125,50.06711959838867,39.693336486816406,5.409149169921875,25.288795471191406,8.086174011230469,2325.9734497070313,38975.57159423828,27772.947631835938,0,17112264704,62914560000,7321497600,0
2,1742990425636,3696,3696,3696,3696,3696,3696,0.6508407592773438,6.0382232666015625,1.2220993041992188,0.37654876708984375,0,25.7213134765625,2326.0971069335938,38977.01770019531,27773.673278808594,0,17112264704,62914560000,7203635200,0
