Delta,Time,CPU_FREQUENCY_0,CPU_FREQUENCY_1,CPU_FREQUENCY_2,CPU_FREQUENCY_3,CPU_FREQUENCY_4,CPU_FREQUENCY_5,CPU_USAGE_0,CPU_USAGE_1,CPU_USAGE_2,CPU_USAGE_3,CPU_USAGE_4,CPU_USAGE_5,DRAM_ENERGY (J),PACKAGE_ENERGY (J),PP0_ENERGY (J),PP1_ENERGY (J),TOTAL_MEMORY,TOTAL_SWAP,USED_MEMORY,USED_SWAP
0,1743634912971,3696,3696,3696,3696,3696,3696,100,100,100,100,100,100,3779.6878662109375,103083.29663085938,87081.24182128906,0,17112264704,62914560000,4755828736,0
200,1743634912971,3696,3696,3696,3696,3696,3696,100,100,100,100,100,100,3779.692626953125,103083.38366699219,87081.32897949219,0,17112264704,62914560000,4756025344,0
200,1743634913171,3696,3696,3696,3696,3696,3696,24.0513916015625,61.79874801635742,31.235031127929688,18.33930206298828,15.184371948242188,14.523178100585938,3779.847412109375,103088.2767944336,87085.53118896484,0,17112264704,62914560000,4779155456,0
198,1743634913373,3696,3696,3696,3696,3696,3696,35.26222229003906,46.83951187133789,9.19769287109375,22.583229064941406,6.955741882324219,13.846015930175781,3780.0139770507813,103093.36010742188,87089.88830566406,0,17112264704,62914560000,4819808256,0
200,1743634913572,3696,3696,3696,3696,3696,3696,30.397972106933594,26.74286651611328,15.298210144042969,41.26954650878906,8.121231079101563,16.18548583984375,3780.1904296875,103098.4067993164,87094.23211669922,0,17112264704,62914560000,4845219840,0
199,1743634913773,3696,3696,3696,3696,3696,3696,48.48701858520508,67.4576644897461,14.186370849609375,4.968986511230469,6.1947021484375,4.670326232910156,3780.36865234375,103103.52624511719,87098.6577758789,0,17112264704,62914560000,4863463424,0
200,1743634913973,3696,3696,3696,3696,3696,3696,41.41394805908203,15.588768005371094,25.65587615966797,23.63660430908203,6.0154266357421875,1.3634414672851563,3780.5250854492188,103108.259765625,87102.66497802734,0,17112264704,62914560000,4883111936,0
200,1743634914173,3696,3696,3696,3696,3696,3696,5.697868347167969,79.78285217285156,11.263633728027344,11.922080993652344,3.7799072265625,7.507942199707031,3780.773193359375,103112.56994628906,87106.25079345703,0,17112264704,62914560000,4822417408,0
5,1743634914374,3696,3696,3696,3696,3696,3696,7.361854553222656,5.16766357421875,3.9944686889648438,0,0,5.067863464355469,3780.9017333984375,103114.33520507813,87107.29876708984,0,17112264704,62914560000,4768567296,0
