Delta,Time,CPU_FREQUENCY_0,CPU_FREQUENCY_1,CPU_FREQUENCY_2,CPU_FREQUENCY_3,CPU_FREQUENCY_4,CPU_FREQUENCY_5,CPU_USAGE_0,CPU_USAGE_1,CPU_USAGE_2,CPU_USAGE_3,CPU_USAGE_4,CPU_USAGE_5,DRAM_ENERGY (J),PACKAGE_ENERGY (J),PP0_ENERGY (J),PP1_ENERGY (J),TOTAL_MEMORY,TOTAL_SWAP,USED_MEMORY,USED_SWAP
0,1743634933986,3696,3696,3696,3696,3696,3696,100,100,100,100,100,100,3797.8236694335938,103527.96166992188,87451.4486694336,0,17112264704,62914560000,4789084160,0
200,1743634933986,3696,3696,3696,3696,3696,3696,100,100,100,100,100,100,3797.8276977539063,103528.03063964844,87451.51629638672,0,17112264704,62914560000,4789321728,0
200,1743634934187,3696,3696,3696,3696,3696,3696,19.06511688232422,45.18137741088867,27.719924926757813,17.67467498779297,23.148696899414063,39.19975280761719,3797.9874877929688,103533.07818603516,87455.84161376953,0,17112264704,62914560000,4795281408,0
199,1743634934388,3696,3696,3696,3696,3696,3696,11.005569458007813,82.83424377441406,17.070831298828125,3.96160888671875,13.461074829101563,10.688629150390625,3798.1535034179688,103538.13745117188,87460.21502685547,0,17112264704,62914560000,4834639872,0
199,1743634934588,3696,3696,3696,3696,3696,3696,19.802024841308594,76.65304565429688,6.730125427246094,9.845657348632813,7.635459899902344,6.56878662109375,3798.3211669921875,103542.99230957031,87464.36376953125,0,17112264704,62914560000,4859994112,0
200,1743634934788,3696,3696,3696,3696,3696,3696,29.08393096923828,64.54154205322266,19.213363647460938,2.866790771484375,5.146430969238281,12.888320922851563,3798.4871826171875,103547.96990966797,87468.63793945313,0,17112264704,62914560000,4906168320,0
200,1743634934988,3696,3696,3696,3696,3696,3696,7.6868896484375,68.04521179199219,6.962837219238281,11.497871398925781,8.112922668457031,25.964492797851563,3798.6611938476563,103552.89599609375,87472.8539428711,0,17112264704,62914560000,4923121664,0
200,1743634935188,3696,3696,3696,3696,3696,3696,10.309280395507813,38.19239807128906,8.313720703125,39.51101303100586,41.48666763305664,34.485076904296875,3798.9534301757813,103558.17907714844,87477.38946533203,0,17112264704,62914560000,4919812096,0
2,1743634935388,3696,3696,3696,3696,3696,3696,9.063209533691406,21.3031005859375,2.8009872436523438,3.1842803955078125,4.988487243652344,10.329643249511719,3799.0956420898438,103560.2152709961,87478.7074584961,0,17112264704,62914560000,4794368000,0
