Delta,Time,CPU_FREQUENCY_0,CPU_FREQUENCY_1,CPU_FREQUENCY_2,CPU_FREQUENCY_3,CPU_FREQUENCY_4,CPU_FREQUENCY_5,CPU_USAGE_0,CPU_USAGE_1,CPU_USAGE_2,CPU_USAGE_3,CPU_USAGE_4,CPU_USAGE_5,DRAM_ENERGY (J),PACKAGE_ENERGY (J),PP0_ENERGY (J),PP1_ENERGY (J),TOTAL_MEMORY,TOTAL_SWAP,USED_MEMORY,USED_SWAP
0,1742990463630,3696,3696,3696,3696,3696,3696,44.46178436279297,84.84856414794922,40.717411041259766,59.01271438598633,54.14215087890625,48.62247848510742,2360.090576171875,39809.77423095703,28471.480224609375,0,17112264704,62914560000,7118544896,0
200,1742990463630,3696,3696,3696,3696,3696,3696,100,100,100,100,100,100,2360.0939331054688,39809.83264160156,28471.533081054688,0,17112264704,62914560000,7118168064,0
200,1742990463831,3696,3696,3696,3696,3696,3696,14.473976135253906,52.41268539428711,30.157211303710938,23.828819274902344,11.213775634765625,18.668014526367188,2360.2615966796875,39815.02429199219,28476.01300048828,0,17112264704,62914560000,7140851712,0
199,1742990464033,3696,3696,3696,3696,3696,3696,35.618141174316406,48.26113510131836,4.350288391113281,2.7132568359375,26.136383056640625,14.628700256347656,2360.4249267578125,39820.065856933594,28480.336364746094,0,17112264704,62914560000,7181873152,0
200,1742990464232,3696,3696,3696,3696,3696,3696,32.95841979980469,33.54994201660156,9.7200927734375,5.799446105957031,53.332637786865234,5.7110748291015625,2360.6089477539063,39825.09191894531,28484.657775878906,0,17112264704,62914560000,7203590144,0
200,1742990464432,3696,3696,3696,3696,3696,3696,8.107887268066406,60.379905700683594,24.130859375,18.19384765625,13.951988220214844,12.000297546386719,2360.7733154296875,39830.08654785156,28488.958435058594,0,17112264704,62914560000,7259992064,0
200,1742990464633,3696,3696,3696,3696,3696,3696,2.4863739013671875,66.41861724853516,19.17967987060547,5.070350646972656,8.840019226074219,27.156158447265625,2360.9453735351563,39834.87731933594,28493.01739501953,0,17112264704,62914560000,7274360832,0
2,1742990464833,3696,3696,3696,3696,3696,3696,7.064552307128906,43.472137451171875,22.466522216796875,29.615325927734375,15.799789428710938,12.847549438476563,2361.2005615234375,39839.400146484375,28496.826904296875,0,17112264704,62914560000,7112126464,0
