Delta,Time,CPU_FREQUENCY_0,CPU_FREQUENCY_1,CPU_FREQUENCY_2,CPU_FREQUENCY_3,CPU_FREQUENCY_4,CPU_FREQUENCY_5,CPU_USAGE_0,CPU_USAGE_1,CPU_USAGE_2,CPU_USAGE_3,CPU_USAGE_4,CPU_USAGE_5,DRAM_ENERGY (J),PACKAGE_ENERGY (J),PP0_ENERGY (J),PP1_ENERGY (J),TOTAL_MEMORY,TOTAL_SWAP,USED_MEMORY,USED_SWAP
0,1743634926332,3696,3696,3696,3696,3696,3696,100,100,100,100,100,100,3791.123779296875,103362.87451171875,87313.51446533203,0,17112264704,62914560000,4756185088,0
200,1743634926332,3696,3696,3696,3696,3696,3696,100,100,100,100,100,100,3791.1287231445313,103362.96319580078,87313.57775878906,0,17112264704,62914560000,4755918848,0
200,1743634926533,3696,3696,3696,3696,3696,3696,21.68323516845703,47.88923645019531,28.2872314453125,26.808006286621094,20.56220245361328,17.90747833251953,3791.280029296875,103367.81616210938,87317.74377441406,0,17112264704,62914560000,4778770432,0
199,1743634926734,3696,3696,3696,3696,3696,3696,19.54814910888672,63.116668701171875,11.11029052734375,31.80408477783203,8.206916809082031,14.759048461914063,3791.4638671875,103373.087890625,87322.2982788086,0,17112264704,62914560000,4814966784,0
200,1743634926933,3696,3696,3696,3696,3696,3696,14.391944885253906,38.511104583740234,21.413909912109375,41.98712158203125,11.216239929199219,9.979133605957031,3791.6427612304688,103378.07843017578,87326.58166503906,0,17112264704,62914560000,4840005632,0
200,1743634927134,3696,3696,3696,3696,3696,3696,24.241661071777344,81.11817169189453,12.364524841308594,2.4748611450195313,4.153167724609375,9.690544128417969,3791.8104858398438,103382.98913574219,87330.77557373047,0,17112264704,62914560000,4896391168,0
200,1743634927335,3696,3696,3696,3696,3696,3696,5.4995880126953125,68.046142578125,23.5213623046875,14.090278625488281,7.8030242919921875,19.821044921875,3791.9757690429688,103387.91882324219,87335.01391601563,0,17112264704,62914560000,4876165120,0
200,1743634927535,3696,3696,3696,3696,3696,3696,7.518592834472656,33.5228271484375,44.08992385864258,11.458847045898438,12.131584167480469,16.068138122558594,3792.2318115234375,103392.296875,87338.64434814453,0,17112264704,62914560000,4874018816,0
4,1743634927735,3696,3696,3696,3696,3696,3696,0.03139495849609375,5.1133575439453125,6.153373718261719,0,0,0.732330322265625,3792.3453369140625,103393.8226928711,87339.46514892578,0,17112264704,62914560000,4752261120,0
