Delta,Time,CPU_FREQUENCY_0,CPU_FREQUENCY_1,CPU_FREQUENCY_2,CPU_FREQUENCY_3,CPU_FREQUENCY_4,CPU_FREQUENCY_5,CPU_USAGE_0,CPU_USAGE_1,CPU_USAGE_2,CPU_USAGE_3,CPU_USAGE_4,CPU_USAGE_5,DRAM_ENERGY (J),PACKAGE_ENERGY (J),PP0_ENERGY (J),PP1_ENERGY (J),TOTAL_MEMORY,TOTAL_SWAP,USED_MEMORY,USED_SWAP
0,1742990454470,3696,3696,3696,3696,3696,3696,6.523353576660156,57.87109375,13.6895751953125,40.011756896972656,9.532600402832031,27.83863067626953,2351.9000854492188,39608.10577392578,28302.34112548828,0,17112264704,62914560000,7130865664,0
200,1742990454470,3696,3696,3696,3696,3696,3696,100,100,100,100,100,100,2351.9033813476563,39608.15753173828,28302.38818359375,0,17112264704,62914560000,7131017216,0
200,1742990454671,3696,3696,3696,3696,3696,3696,12.703804016113281,76.81808471679688,22.592147827148438,10.555633544921875,12.165130615234375,11.906028747558594,2352.0589599609375,39612.932556152344,28306.447143554688,0,17112264704,62914560000,7154036736,0
198,1742990454873,3696,3696,3696,3696,3696,3696,6.344108581542969,18.310997009277344,22.44670867919922,26.159713745117188,42.46455001831055,17.43608856201172,2352.2239990234375,39617.871337890625,28310.701110839844,0,17112264704,62914560000,7203549184,0
199,1742990455072,3696,3696,3696,3696,3696,3696,17.440467834472656,45.539764404296875,5.725799560546875,57.15107345581055,8.532951354980469,11.137351989746094,2352.4085693359375,39623.028564453125,28315.1201171875,0,17112264704,62914560000,7229186048,0
200,1742990455272,3696,3696,3696,3696,3696,3696,5.8322906494140625,47.9334831237793,14.12115478515625,48.67991256713867,16.538742065429688,9.157615661621094,2352.5728759765625,39628.058044433594,28319.47509765625,0,17112264704,62914560000,7237423104,0
200,1742990455472,3696,3696,3696,3696,3696,3696,3.8513336181640625,6.731864929199219,99.92729949951172,15.892005920410156,13.59393310546875,14.472984313964844,2352.7664184570313,39633.152099609375,28323.84246826172,0,17112264704,62914560000,7260258304,0
1,1742990455673,3696,3696,3696,3696,3696,3696,7.54510498046875,15.494056701660156,33.472877502441406,28.871353149414063,21.212890625,18.908790588378906,2353.0256958007813,39637.59716796875,28327.544372558594,0,17112264704,62914560000,7136399360,0
