Delta,Time,CPU_FREQUENCY_0,CPU_FREQUENCY_1,CPU_FREQUENCY_2,CPU_FREQUENCY_3,CPU_FREQUENCY_4,CPU_FREQUENCY_5,CPU_USAGE_0,CPU_USAGE_1,CPU_USAGE_2,CPU_USAGE_3,CPU_USAGE_4,CPU_USAGE_5,DRAM_ENERGY (J),PACKAGE_ENERGY (J),PP0_ENERGY (J),PP1_ENERGY (J),TOTAL_MEMORY,TOTAL_SWAP,USED_MEMORY,USED_SWAP
0,1743634947185,3696,3696,3696,3696,3696,3696,16.921592712402344,58.72743225097656,34.00731658935547,14.63970947265625,13.399452209472656,76.23402404785156,3809.18505859375,103805.0140991211,87681.72283935547,0,17112264704,62914560000,4773392384,0
200,1743634947185,3696,3696,3696,3696,3696,3696,100,100,100,100,100,100,3809.1884155273438,103805.072265625,87681.77404785156,0,17112264704,62914560000,4773302272,0
200,1743634947386,3696,3696,3696,3696,3696,3696,20.349098205566406,43.12074661254883,36.645103454589844,32.02637481689453,12.0635986328125,15.765342712402344,3809.3606567382813,103810.19909667969,87686.21099853516,0,17112264704,62914560000,4799504384,0
199,1743634947588,3696,3696,3696,3696,3696,3696,24.807907104492188,23.500503540039063,45.727943420410156,18.31609344482422,11.441253662109375,7.6260833740234375,3809.5262451171875,103815.21301269531,87690.5064086914,0,17112264704,62914560000,4835577856,0
200,1743634947787,3696,3696,3696,3696,3696,3696,27.75457763671875,23.0343017578125,44.116146087646484,40.608253479003906,17.95075225830078,14.449607849121094,3809.6990356445313,103820.58557128906,87695.18756103516,0,17112264704,62914560000,4839849984,0
200,1743634947987,3696,3696,3696,3696,3696,3696,30.349327087402344,55.6037483215332,17.480331420898438,14.800285339355469,4.595451354980469,49.83698272705078,3809.869140625,103826.62823486328,87700.50610351563,0,17112264704,62914560000,4891394048,0
200,1743634948188,3696,3696,3696,3696,3696,3696,22.9488525390625,18.410919189453125,0.7821731567382813,0.920440673828125,48.3676872253418,23.572669982910156,3810.0263671875,103831.2045288086,87704.36810302734,0,17112264704,62914560000,4902141952,0
200,1743634948388,3696,3696,3696,3696,3696,3696,11.577850341796875,35.48011016845703,16.1962890625,56.262908935546875,7.0830078125,32.05615234375,3810.3027954101563,103836.37774658203,87708.81384277344,0,17112264704,62914560000,4915769344,0
5,1743634948589,3696,3696,3696,3696,3696,3696,0,10.001029968261719,2.81201171875,0,0,4.764640808105469,3810.4285278320313,103838.08966064453,87709.80187988281,0,17112264704,62914560000,4791861248,0
