Delta,Time,CPU_FREQUENCY_0,CPU_FREQUENCY_1,CPU_FREQUENCY_2,CPU_FREQUENCY_3,CPU_FREQUENCY_4,CPU_FREQUENCY_5,CPU_USAGE_0,CPU_USAGE_1,CPU_USAGE_2,CPU_USAGE_3,CPU_USAGE_4,CPU_USAGE_5,DRAM_ENERGY (J),PACKAGE_ENERGY (J),PP0_ENERGY (J),PP1_ENERGY (J),TOTAL_MEMORY,TOTAL_SWAP,USED_MEMORY,USED_SWAP
0,1743634903412,3696,3696,3696,3696,3696,3696,100,100,100,100,100,100,3771.6416625976563,102886.453125,86918.23040771484,0,17112264704,62914560000,4753440768,0
200,1743634903413,3696,3696,3696,3696,3696,3696,100,100,100,100,100,100,3771.645263671875,102886.51190185547,86918.28527832031,0,17112264704,62914560000,4753235968,0
199,1743634903613,3696,3696,3696,3696,3696,3696,23.6854248046875,50.70697021484375,29.072486877441406,21.59435272216797,16.16510772705078,20.867324829101563,3771.80029296875,102891.31726074219,86922.37561035156,0,17112264704,62914560000,4776062976,0
198,1743634903814,3696,3696,3696,3696,3696,3696,2.3117599487304688,44.84154510498047,21.167205810546875,17.094558715820313,29.61522674560547,9.451194763183594,3771.9595336914063,102896.13940429688,86926.49896240234,0,17112264704,62914560000,4812574720,0
200,1743634904013,3696,3696,3696,3696,3696,3696,33.414398193359375,55.69662857055664,14.376899719238281,16.94715118408203,10.868560791015625,5.552680969238281,3772.1280517578125,102900.99377441406,86930.64782714844,0,17112264704,62914560000,4838858752,0
200,1743634904213,3696,3696,3696,3696,3696,3696,53.09733963012695,48.39674758911133,20.5390625,12.484100341796875,4.293678283691406,7.2121429443359375,3772.3045654296875,102906.0015258789,86934.95263671875,0,17112264704,62914560000,4857720832,0
200,1743634904414,3696,3696,3696,3696,3696,3696,10.019927978515625,69.84811401367188,8.389244079589844,25.99793243408203,1.6668853759765625,2.3730697631835938,3772.462158203125,102910.67541503906,86938.91082763672,0,17112264704,62914560000,4881358848,0
200,1743634904614,3696,3696,3696,3696,3696,3696,5.124565124511719,52.24693298339844,34.38020324707031,13.323616027832031,6.264190673828125,19.513031005859375,3772.7177734375,102915.2279663086,86942.74365234375,0,17112264704,62914560000,4876894208,0
5,1743634904814,3696,3696,3696,3696,3696,3696,0,2.2882003784179688,3.864501953125,0,0,0,3772.8306274414063,102916.46807861328,86943.26300048828,0,17112264704,62914560000,4757794816,0
