Delta,Time,CPU_FREQUENCY_0,CPU_FREQUENCY_1,CPU_FREQUENCY_2,CPU_FREQUENCY_3,CPU_FREQUENCY_4,CPU_FREQUENCY_5,CPU_USAGE_0,CPU_USAGE_1,CPU_USAGE_2,CPU_USAGE_3,CPU_USAGE_4,CPU_USAGE_5,DRAM_ENERGY (J),PACKAGE_ENERGY (J),PP0_ENERGY (J),PP1_ENERGY (J),TOTAL_MEMORY,TOTAL_SWAP,USED_MEMORY,USED_SWAP
0,1742990416561,3696,3696,3696,3696,3696,3696,46.70431137084961,85.42696380615234,62.120853424072266,53.243247985839844,40.98969650268555,69.00320434570313,2317.9871826171875,38780.208740234375,27609.12091064453,0,17112264704,62914560000,7219257344,0
200,1742990416561,3696,3696,3696,3696,3696,3696,100,100,100,100,100,100,2317.990478515625,38780.266662597656,27609.17657470703,0,17112264704,62914560000,7220613120,0
200,1742990416762,3696,3696,3696,3696,3696,3696,45.92259979248047,22.939979553222656,14.759803771972656,24.359344482421875,20.229324340820313,13.722679138183594,2318.147705078125,38785.20233154297,27613.407348632813,0,17112264704,62914560000,7244234752,0
200,1742990416962,3696,3696,3696,3696,3696,3696,26.49072265625,64.3613052368164,21.44013214111328,12.738792419433594,15.226219177246094,10.645988464355469,2318.34423828125,38790.43536376953,27617.92596435547,0,17112264704,62914560000,7281627136,0
200,1742990417163,3696,3696,3696,3696,3696,3696,31.265769958496094,30.308135986328125,22.465896606445313,5.2089080810546875,36.706382751464844,10.156448364257813,2318.509521484375,38795.430114746094,27622.195434570313,0,17112264704,62914560000,7293173760,0
200,1742990417363,3696,3696,3696,3696,3696,3696,17.689781188964844,35.83562469482422,20.25237274169922,28.675437927246094,12.435783386230469,70.16429901123047,2318.71044921875,38801.13848876953,27627.192443847656,0,17112264704,62914560000,7352262656,0
200,1742990417563,3696,3696,3696,3696,3696,3696,11.648109436035156,82.57763671875,14.193832397460938,1.558258056640625,0.4113922119140625,1.4602127075195313,2318.86572265625,38805.74035644531,27631.084228515625,0,17112264704,62914560000,7352496128,0
200,1742990417764,3696,3696,3696,3696,3696,3696,19.59337615966797,84.35450744628906,5.516426086425781,5.778175354003906,2.5427780151367188,10.958038330078125,2319.119384765625,38810.233459472656,27634.872985839844,0,17112264704,62914560000,7312482304,0
4,1742990417965,3696,3696,3696,3696,3696,3696,10.978347778320313,0,0.9325637817382813,0.4045257568359375,0,7.8624267578125,2319.2496948242188,38811.70050048828,27635.60821533203,0,17112264704,62914560000,7240867840,0
