Delta,Time,CPU_FREQUENCY_0,CPU_FREQUENCY_1,CPU_FREQUENCY_2,CPU_FREQUENCY_3,CPU_FREQUENCY_4,CPU_FREQUENCY_5,CPU_USAGE_0,CPU_USAGE_1,CPU_USAGE_2,CPU_USAGE_3,CPU_USAGE_4,CPU_USAGE_5,DRAM_ENERGY (J),PACKAGE_ENERGY (J),PP0_ENERGY (J),PP1_ENERGY (J),TOTAL_MEMORY,TOTAL_SWAP,USED_MEMORY,USED_SWAP
0,1742990450849,3696,3696,3696,3696,3696,3696,2.9382781982421875,58.18461990356445,10.66461181640625,53.08912658691406,21.41295623779297,25.501754760742188,2348.6915893554688,39527.6875,28234.78350830078,0,17112264704,62914560000,7139852288,0
200,1742990450849,3696,3696,3696,3696,3696,3696,100,100,100,100,100,100,2348.6947631835938,39527.745361328125,28234.839416503906,0,17112264704,62914560000,7139680256,0
200,1742990451050,3696,3696,3696,3696,3696,3696,47.71078872680664,49.02836227416992,28.208770751953125,10.155136108398438,13.633071899414063,19.845497131347656,2348.8859252929688,39532.96453857422,28239.32000732422,0,17112264704,62914560000,7166664704,0
200,1742990451250,3696,3696,3696,3696,3696,3696,8.537353515625,33.75701141357422,26.828399658203125,11.405654907226563,35.68024444580078,15.944595336914063,2349.0492553710938,39537.975158691406,28243.63787841797,0,17112264704,62914560000,7188070400,0
200,1742990451451,3696,3696,3696,3696,3696,3696,35.636375427246094,27.321365356445313,19.2381591796875,33.888938903808594,13.19879150390625,19.820343017578125,2349.2335205078125,39543.12341308594,28248.0654296875,0,17112264704,62914560000,7214043136,0
200,1742990451651,3696,3696,3696,3696,3696,3696,4.720039367675781,60.217864990234375,37.157291412353516,22.21910858154297,4.8820343017578125,2.7740097045898438,2349.3978881835938,39548.106201171875,28252.35577392578,0,17112264704,62914560000,7269330944,0
200,1742990451852,3696,3696,3696,3696,3696,3696,21.25635528564453,73.33405303955078,7.772117614746094,14.828636169433594,6.14208984375,2.3271255493164063,2349.5618286132813,39553.064025878906,28256.599487304688,0,17112264704,62914560000,7281152000,0
200,1742990452052,3696,3696,3696,3696,3696,3696,13.795852661132813,90.92570495605469,4.9912872314453125,11.748802185058594,6.290580749511719,6.668724060058594,2349.81884765625,39557.66326904297,28260.477600097656,0,17112264704,62914560000,7210409984,0
3,1742990452253,3696,3696,3696,3696,3696,3696,19.008750915527344,18.20691680908203,7.45166015625,5.142333984375,6.765022277832031,7.975135803222656,2349.9513549804688,39560.322265625,28262.429626464844,0,17112264704,62914560000,7172395008,0
