Delta,Time,CPU_FREQUENCY_0,CPU_FREQUENCY_1,CPU_FREQUENCY_2,CPU_FREQUENCY_3,CPU_FREQUENCY_4,CPU_FREQUENCY_5,CPU_USAGE_0,CPU_USAGE_1,CPU_USAGE_2,CPU_USAGE_3,CPU_USAGE_4,CPU_USAGE_5,DRAM_ENERGY (J),PACKAGE_ENERGY (J),PP0_ENERGY (J),PP1_ENERGY (J),TOTAL_MEMORY,TOTAL_SWAP,USED_MEMORY,USED_SWAP
0,1743634924424,3696,3696,3696,3696,3696,3696,49.74068069458008,85.63864135742188,57.60914611816406,42.34033203125,46.10125732421875,55.368324279785156,3789.49267578125,103322.93670654297,87280.330078125,0,17112264704,62914560000,4772114432,0
200,1743634924424,3696,3696,3696,3696,3696,3696,100,100,100,100,100,100,3789.49609375,103322.99505615234,87280.38250732422,0,17112264704,62914560000,4772179968,0
200,1743634924624,3696,3696,3696,3696,3696,3696,46.51545333862305,26.75902557373047,26.741180419921875,9.55670166015625,17.56719970703125,8.369285583496094,3789.6466674804688,103327.94079589844,87284.60986328125,0,17112264704,62914560000,4778835968,0
198,1743634924826,3696,3696,3696,3696,3696,3696,23.632423400878906,39.71529769897461,8.240707397460938,16.025726318359375,25.768898010253906,44.21892547607422,3789.8424072265625,103333.4047241211,87289.37890625,0,17112264704,62914560000,4813307904,0
200,1743634925024,3696,3696,3696,3696,3696,3696,22.952789306640625,30.384719848632813,30.62926483154297,15.0030517578125,18.792160034179688,17.399215698242188,3790.0099487304688,103338.3226928711,87293.58905029297,0,17112264704,62914560000,4839825408,0
200,1743634925225,3696,3696,3696,3696,3696,3696,34.54136657714844,59.50893783569336,6.3006439208984375,8.902267456054688,13.557083129882813,8.486137390136719,3790.1763916015625,103343.25354003906,87297.8052368164,0,17112264704,62914560000,4894064640,0
200,1743634925425,3696,3696,3696,3696,3696,3696,9.152778625488281,45.230369567871094,13.547737121582031,25.57683563232422,17.639312744140625,16.275405883789063,3790.3433227539063,103348.0679321289,87301.921875,0,17112264704,62914560000,4906708992,0
200,1743634925626,3696,3696,3696,3696,3696,3696,16.21843719482422,24.352737426757813,18.668052673339844,47.919464111328125,6.616569519042969,2.3443222045898438,3790.5864868164063,103352.45483398438,87305.56579589844,0,17112264704,62914560000,4899844096,0
4,1743634925826,3696,3696,3696,3696,3696,3696,0,7.689910888671875,5.523284912109375,0,0.4432830810546875,5.4683837890625,3790.7094116210938,103353.93188476563,87306.33807373047,0,17112264704,62914560000,4781285376,0
