Delta,Time,CPU_FREQUENCY_0,CPU_FREQUENCY_1,CPU_FREQUENCY_2,CPU_FREQUENCY_3,CPU_FREQUENCY_4,CPU_FREQUENCY_5,CPU_USAGE_0,CPU_USAGE_1,CPU_USAGE_2,CPU_USAGE_3,CPU_USAGE_4,CPU_USAGE_5,DRAM_ENERGY (J),PACKAGE_ENERGY (J),PP0_ENERGY (J),PP1_ENERGY (J),TOTAL_MEMORY,TOTAL_SWAP,USED_MEMORY,USED_SWAP
0,1743634941457,3696,3696,3696,3696,3696,3696,100,100,100,100,100,100,3804.3110961914063,103686.19421386719,87583.18426513672,0,17112264704,62914560000,4771405824,0
200,1743634941457,3696,3696,3696,3696,3696,3696,85.30631256103516,99.6519775390625,93.13104248046875,85.5743637084961,82.48439025878906,79.1769027709961,3804.3173828125,103686.28845214844,87583.28552246094,0,17112264704,62914560000,4771217408,0
200,1743634941657,3696,3696,3696,3696,3696,3696,40.70930862426758,44.77928924560547,10.228164672851563,8.486671447753906,26.059654235839844,6.055908203125,3804.46826171875,103691.04333496094,87587.34692382813,0,17112264704,62914560000,4793610240,0
198,1743634941859,3696,3696,3696,3696,3696,3696,31.87975311279297,32.721466064453125,24.540557861328125,17.73169708251953,18.52081298828125,1.499359130859375,3804.6331787109375,103695.99230957031,87591.57452392578,0,17112264704,62914560000,4829335552,0
200,1743634942058,3696,3696,3696,3696,3696,3696,16.3896484375,33.05577850341797,7.0774078369140625,11.143638610839844,52.50437927246094,6.519874572753906,3804.7952270507813,103700.79968261719,87595.6693725586,0,17112264704,62914560000,4855541760,0
200,1743634942259,3696,3696,3696,3696,3696,3696,57.45277786254883,28.89739990234375,36.187381744384766,24.514205932617188,35.759765625,24.88958740234375,3805.0367431640625,103707.00555419922,87601.17266845703,0,17112264704,62914560000,4877053952,0
200,1743634942459,3696,3696,3696,3696,3696,3696,26.813751220703125,39.33767318725586,39.398399353027344,7.1926727294921875,2.7573623657226563,9.053802490234375,3805.2014770507813,103711.7958984375,87605.24072265625,0,17112264704,62914560000,4893011968,0
200,1743634942659,3696,3696,3696,3696,3696,3696,8.545211791992188,10.138984680175781,61.62880325317383,24.785057067871094,4.358146667480469,18.65540313720703,3805.4425048828125,103716.5122680664,87609.23071289063,0,17112264704,62914560000,4898902016,0
5,1743634942860,3696,3696,3696,3696,3696,3696,1.3578262329101563,8.116058349609375,6.601005554199219,0,0.01757049560546875,0,3805.5731811523438,103718.25018310547,87610.24560546875,0,17112264704,62914560000,4769923072,0
