Delta,Time,CPU_FREQUENCY_0,CPU_FREQUENCY_1,CPU_FREQUENCY_2,CPU_FREQUENCY_3,CPU_FREQUENCY_4,CPU_FREQUENCY_5,CPU_USAGE_0,CPU_USAGE_1,CPU_USAGE_2,CPU_USAGE_3,CPU_USAGE_4,CPU_USAGE_5,DRAM_ENERGY (J),PACKAGE_ENERGY (J),PP0_ENERGY (J),PP1_ENERGY (J),TOTAL_MEMORY,TOTAL_SWAP,USED_MEMORY,USED_SWAP
0,1742990439574,3696,3696,3696,3696,3696,3696,100,100,100,100,100,100,2338.6279296875,39281.96533203125,28029.08575439453,0,17112264704,62914560000,7126769664,0
200,1742990439574,3696,3696,3696,3696,3696,3696,87.87212371826172,99.94438171386719,89.21519470214844,85.67437744140625,85.3841552734375,90.30895233154297,2338.6307373046875,39282.02282714844,28029.149963378906,0,17112264704,62914560000,7127556096,0
199,1742990439774,3696,3696,3696,3696,3696,3696,6.8032073974609375,40.84011459350586,9.810394287109375,4.8573455810546875,8.512191772460938,57.055397033691406,2338.7843627929688,39286.837829589844,28033.269775390625,0,17112264704,62914560000,7151710208,0
198,1742990439976,3696,3696,3696,3696,3696,3696,37.33000946044922,60.423492431640625,13.114044189453125,7.176521301269531,24.8350830078125,22.910743713378906,2338.9898681640625,39292.38739013672,28038.0849609375,0,17112264704,62914560000,7194980352,0
200,1742990440174,3696,3696,3696,3696,3696,3696,3.5664138793945313,27.988067626953125,20.48778533935547,15.960289001464844,66.78338623046875,14.663352966308594,2339.1697998046875,39297.62390136719,28042.603088378906,0,17112264704,62914560000,7220228096,0
200,1742990440375,3696,3696,3696,3696,3696,3696,7.6057281494140625,23.117355346679688,24.40008544921875,50.78704071044922,4.353889465332031,34.60987854003906,2339.3451538085938,39302.840270996094,28047.126098632813,0,17112264704,62914560000,7241207808,0
199,1742990440576,3696,3696,3696,3696,3696,3696,1.1863021850585938,42.971675872802734,10.650619506835938,17.550537109375,1.161468505859375,39.2388801574707,2339.5003051757813,39307.523376464844,28051.09130859375,0,17112264704,62914560000,7254577152,0
200,1742990440776,3696,3696,3696,3696,3696,3696,26.718017578125,37.33965301513672,26.11078643798828,4.791618347167969,2.6469192504882813,28.455429077148438,2339.7525024414063,39312.129150390625,28054.971069335938,0,17112264704,62914560000,7251025920,0
1,1742990440976,3696,3696,3696,3696,3696,3696,12.24102783203125,6.70257568359375,6.3621368408203125,1.25738525390625,4.605033874511719,2.440032958984375,2339.8837890625,39313.58856201172,28055.72882080078,0,17112264704,62914560000,7144001536,0
