Delta,Time,CPU_FREQUENCY_0,CPU_FREQUENCY_1,CPU_FREQUENCY_2,CPU_FREQUENCY_3,CPU_FREQUENCY_4,CPU_FREQUENCY_5,CPU_USAGE_0,CPU_USAGE_1,CPU_USAGE_2,CPU_USAGE_3,CPU_USAGE_4,CPU_USAGE_5,DRAM_ENERGY (J),PACKAGE_ENERGY (J),PP0_ENERGY (J),PP1_ENERGY (J),TOTAL_MEMORY,TOTAL_SWAP,USED_MEMORY,USED_SWAP
0,1743634907227,3696,3696,3696,3696,3696,3696,51.607643127441406,85.69108581542969,46.14331817626953,60.741920471191406,45.38426208496094,52.19660186767578,3774.8367309570313,102964.61938476563,86982.90216064453,0,17112264704,62914560000,4754878464,0
200,1743634907228,3696,3696,3696,3696,3696,3696,100,100,100,100,100,100,3774.8402099609375,102964.67211914063,86982.94793701172,0,17112264704,62914560000,4754665472,0
200,1743634907428,3696,3696,3696,3696,3696,3696,7.573699951171875,55.966583251953125,27.894287109375,31.296104431152344,9.138542175292969,13.416549682617188,3775.0028686523438,102969.71014404297,86987.27197265625,0,17112264704,62914560000,4777848832,0
198,1743634907630,3696,3696,3696,3696,3696,3696,20.667404174804688,31.627838134765625,14.254310607910156,16.358154296875,13.376502990722656,36.818763732910156,3775.168701171875,102974.63189697266,86991.50067138672,0,17112264704,62914560000,4814008320,0
200,1743634907829,3696,3696,3696,3696,3696,3696,16.206832885742188,65.76708984375,2.296356201171875,18.84814453125,8.984771728515625,10.842056274414063,3775.3309936523438,102979.39324951172,86995.55877685547,0,17112264704,62914560000,4839776256,0
200,1743634908029,3696,3696,3696,3696,3696,3696,41.988746643066406,57.1556510925293,19.178192138671875,11.218803405761719,2.3866119384765625,0.9358444213867188,3775.4988403320313,102984.33557128906,86999.7807006836,0,17112264704,62914560000,4895969280,0
200,1743634908229,3696,3696,3696,3696,3696,3696,33.07378387451172,27.36449432373047,29.294021606445313,5.144142150878906,14.886215209960938,21.748435974121094,3775.669921875,102989.15252685547,87003.90173339844,0,17112264704,62914560000,4874858496,0
200,1743634908430,3696,3696,3696,3696,3696,3696,18.94146728515625,45.802467346191406,34.31327819824219,4.726951599121094,26.46526336669922,16.355087280273438,3775.9238891601563,102993.85955810547,87007.88775634766,0,17112264704,62914560000,4845228032,0
5,1743634908630,3696,3696,3696,3696,3696,3696,1.3917465209960938,14.185203552246094,3.3286361694335938,1.4384536743164063,1.3428421020507813,1.7481536865234375,3776.0424194335938,102995.10888671875,87008.40338134766,0,17112264704,62914560000,4751233024,0
