Delta,Time,CPU_FREQUENCY_0,CPU_FREQUENCY_1,CPU_FREQUENCY_2,CPU_FREQUENCY_3,CPU_FREQUENCY_4,CPU_FREQUENCY_5,CPU_USAGE_0,CPU_USAGE_1,CPU_USAGE_2,CPU_USAGE_3,CPU_USAGE_4,CPU_USAGE_5,DRAM_ENERGY (J),PACKAGE_ENERGY (J),PP0_ENERGY (J),PP1_ENERGY (J),TOTAL_MEMORY,TOTAL_SWAP,USED_MEMORY,USED_SWAP
0,1742990458111,3696,3696,3696,3696,3696,3696,100,100,100,100,100,100,2355.197998046875,39688.493591308594,28369.78106689453,0,17112264704,62914560000,7126941696,0
200,1742990458111,3696,3696,3696,3696,3696,3696,100,100,100,100,100,100,2355.2012329101563,39688.54803466797,28369.830627441406,0,17112264704,62914560000,7126503424,0
200,1742990458312,3696,3696,3696,3696,3696,3696,13.434379577636719,54.11540222167969,15.532943725585938,27.885848999023438,12.604515075683594,35.19696807861328,2355.3521118164063,39693.328552246094,28373.921508789063,0,17112264704,62914560000,7151857664,0
198,1742990458513,3696,3696,3696,3696,3696,3696,41.45048522949219,45.95237731933594,22.935752868652344,15.833824157714844,7.853431701660156,9.217552185058594,2355.5280151367188,39698.494079589844,28378.36785888672,0,17112264704,62914560000,7186178048,0
200,1742990458712,3696,3696,3696,3696,3696,3696,21.607933044433594,62.40593719482422,23.63072967529297,13.281242370605469,39.43452453613281,12.545753479003906,2355.7216796875,39704.12121582031,28383.28436279297,0,17112264704,62914560000,7235809280,0
200,1742990458912,3696,3696,3696,3696,3696,3696,4.734260559082031,43.75423812866211,17.822463989257813,16.7744140625,49.02925109863281,8.9561767578125,2355.8938598632813,39709.078857421875,28387.540771484375,0,17112264704,62914560000,7268749312,0
200,1742990459113,3696,3696,3696,3696,3696,3696,3.9550323486328125,58.42572784423828,12.029106140136719,2.7528305053710938,5.882698059082031,38.80807876586914,2356.0601806640625,39713.78924560547,28391.527709960938,0,17112264704,62914560000,7284088832,0
2,1742990459313,3696,3696,3696,3696,3696,3696,21.748695373535156,70.52543640136719,5.588157653808594,12.604415893554688,6.31298828125,10.965087890625,2356.3125,39718.250549316406,28395.284118652344,0,17112264704,62914560000,7122513920,0
