Delta,Time,CPU_FREQUENCY_0,CPU_FREQUENCY_1,CPU_FREQUENCY_2,CPU_FREQUENCY_3,CPU_FREQUENCY_4,CPU_FREQUENCY_5,CPU_USAGE_0,CPU_USAGE_1,CPU_USAGE_2,CPU_USAGE_3,CPU_USAGE_4,CPU_USAGE_5,DRAM_ENERGY (J),PACKAGE_ENERGY (J),PP0_ENERGY (J),PP1_ENERGY (J),TOTAL_MEMORY,TOTAL_SWAP,USED_MEMORY,USED_SWAP
0,1742990426159,3696,3696,3696,3696,3696,3696,31.61717987060547,53.0615119934082,40.44200897216797,23.793777465820313,33.45185089111328,72.4288101196289,2326.5509033203125,38986.856506347656,27781.650939941406,0,17112264704,62914560000,7203119104,0
199,1742990426159,3696,3696,3696,3696,3696,3696,100,100,100,100,100,100,2326.5602416992188,38987.07159423828,27781.847290039063,0,17112264704,62914560000,7203147776,0
199,1742990426359,3696,3696,3696,3696,3696,3696,27.04322052001953,24.532058715820313,18.581344604492188,5.443840026855469,18.624961853027344,52.882049560546875,2326.7089233398438,38991.909606933594,27786.016357421875,0,17112264704,62914560000,7227498496,0
199,1742990426559,3696,3696,3696,3696,3696,3696,15.05328369140625,41.65196990966797,44.874385833740234,13.000411987304688,19.28900146484375,15.823623657226563,2326.886474609375,38997.109802246094,27790.52069091797,0,17112264704,62914560000,7278137344,0
200,1742990426759,3696,3696,3696,3696,3696,3696,28.662269592285156,32.74932098388672,20.53980255126953,32.39935302734375,21.988754272460938,10.799148559570313,2327.0746459960938,39002.33953857422,27795.02362060547,0,17112264704,62914560000,7281680384,0
200,1742990426959,3696,3696,3696,3696,3696,3696,17.02392578125,63.74834060668945,40.57954406738281,45.276947021484375,42.42913818359375,8.376068115234375,2327.3189697265625,39008.773681640625,27800.7421875,0,17112264704,62914560000,7315161088,0
200,1742990427160,3696,3696,3696,3696,3696,3696,1.42547607421875,35.794456481933594,69.53057098388672,2.2316131591796875,6.285186767578125,0.254791259765625,2327.4786376953125,39013.59631347656,27804.848693847656,0,17112264704,62914560000,7338692608,0
200,1742990427360,3696,3696,3696,3696,3696,3696,12.901298522949219,52.47111511230469,20.863059997558594,7.44134521484375,17.690208435058594,4.563224792480469,2327.7230834960938,39018.1826171875,27808.693603515625,0,17112264704,62914560000,7333109760,0
5,1742990427561,3696,3696,3696,3696,3696,3696,2.4322662353515625,17.98290252685547,1.5783767700195313,2.4735183715820313,1.06793212890625,5.747596740722656,2327.8395385742188,39019.52911376953,27809.33465576172,0,17112264704,62914560000,7213035520,0
