Delta,Time,CPU_FREQUENCY_0,CPU_FREQUENCY_1,CPU_FREQUENCY_2,CPU_FREQUENCY_3,CPU_FREQUENCY_4,CPU_FREQUENCY_5,CPU_USAGE_0,CPU_USAGE_1,CPU_USAGE_2,CPU_USAGE_3,CPU_USAGE_4,CPU_USAGE_5,DRAM_ENERGY (J),PACKAGE_ENERGY (J),PP0_ENERGY (J),PP1_ENERGY (J),TOTAL_MEMORY,TOTAL_SWAP,USED_MEMORY,USED_SWAP
0,1742990459810,3696,3696,3696,3696,3696,3696,100,100,100,100,100,100,2356.69482421875,39726.288024902344,28401.58465576172,0,17112264704,62914560000,7118864384,0
200,1742990459810,3696,3696,3696,3696,3696,3696,87.63877868652344,99.94564056396484,89.46597290039063,81.58352661132813,82.5984878540039,87.02545166015625,2356.702392578125,39726.438049316406,28401.690979003906,0,17112264704,62914560000,7122587648,0
200,1742990460010,3696,3696,3696,3696,3696,3696,19.783103942871094,40.159095764160156,10.987899780273438,5.8557586669921875,32.47937774658203,22.097999572753906,2356.85498046875,39731.30407714844,28405.877197265625,0,17112264704,62914560000,7151681536,0
198,1742990460212,3696,3696,3696,3696,3696,3696,21.63787841796875,34.747169494628906,71.57587432861328,5.2943115234375,12.547782897949219,6.341865539550781,2357.0543823242188,39736.64044189453,28410.46923828125,0,17112264704,62914560000,7197560832,0
200,1742990460411,3696,3696,3696,3696,3696,3696,19.576370239257813,44.38167190551758,11.152305603027344,13.0921630859375,24.302993774414063,17.990455627441406,2357.2199096679688,39741.47314453125,28414.601013183594,0,17112264704,62914560000,7222325248,0
200,1742990460611,3696,3696,3696,3696,3696,3696,25.451614379882813,54.72786331176758,39.334312438964844,11.853599548339844,14.230827331542969,11.738784790039063,2357.4071044921875,39746.67297363281,28419.101806640625,0,17112264704,62914560000,7261163520,0
200,1742990460812,3696,3696,3696,3696,3696,3696,18.170074462890625,8.407341003417969,79.31964111328125,5.528434753417969,14.2696533203125,8.298728942871094,2357.5724487304688,39751.371643066406,28423.08251953125,0,17112264704,62914560000,7249731584,0
200,1742990461012,3696,3696,3696,3696,3696,3696,33.158241271972656,55.45602798461914,53.645267486572266,26.537826538085938,22.69556427001953,52.35633087158203,2357.889892578125,39757.806884765625,28428.777221679688,0,17112264704,62914560000,7254687744,0
4,1742990461213,3696,3696,3696,3696,3696,3696,10.735679626464844,13.415878295898438,6.437171936035156,1.9111785888671875,0.114288330078125,1.7714004516601563,2358.0419311523438,39759.456115722656,28429.69482421875,0,17112264704,62914560000,7126507520,0
