Delta,Time,CPU_FREQUENCY_0,CPU_FREQUENCY_1,CPU_FREQUENCY_2,CPU_FREQUENCY_3,CPU_FREQUENCY_4,CPU_FREQUENCY_5,CPU_USAGE_0,CPU_USAGE_1,CPU_USAGE_2,CPU_USAGE_3,CPU_USAGE_4,CPU_USAGE_5,DRAM_ENERGY (J),PACKAGE_ENERGY (J),PP0_ENERGY (J),PP1_ENERGY (J),TOTAL_MEMORY,TOTAL_SWAP,USED_MEMORY,USED_SWAP
0,1742990437665,3696,3696,3696,3696,3696,3696,100,100,100,100,100,100,2336.9454345703125,39239.69256591797,27993.591247558594,0,17112264704,62914560000,7118741504,0
199,1742990437665,3696,3696,3696,3696,3696,3696,86.41795349121094,99.9757308959961,92.76667785644531,86.7405014038086,87.68386840820313,91.24911499023438,2336.9486694335938,39239.755432128906,27993.675903320313,0,17112264704,62914560000,7118897152,0
200,1742990437865,3696,3696,3696,3696,3696,3696,34.760101318359375,45.6881217956543,12.255165100097656,9.01275634765625,5.302131652832031,34.693992614746094,2337.1126708984375,39244.90216064453,27998.107177734375,0,17112264704,62914560000,7145734144,0
198,1742990438067,3696,3696,3696,3696,3696,3696,22.733604431152344,31.427703857421875,5.087882995605469,9.62445068359375,2.8641738891601563,86.60745239257813,2337.318603515625,39250.40576171875,28002.866088867188,0,17112264704,62914560000,7187259392,0
200,1742990438266,3696,3696,3696,3696,3696,3696,9.299415588378906,18.89435577392578,8.793418884277344,8.470367431640625,58.40217208862305,28.55327606201172,2337.4882202148438,39255.28338623047,28007.043212890625,0,17112264704,62914560000,7219486720,0
200,1742990438466,3696,3696,3696,3696,3696,3696,5.6893310546875,77.0135498046875,41.02107620239258,6.68603515625,2.3117828369140625,7.285240173339844,2337.6537475585938,39260.380798339844,28011.450927734375,0,17112264704,62914560000,7262961664,0
200,1742990438666,3696,3696,3696,3696,3696,3696,1.2280349731445313,62.55039596557617,20.419097900390625,18.379745483398438,0.5902023315429688,10.866073608398438,2337.8123779296875,39265.0517578125,28015.396545410156,0,17112264704,62914560000,7286554624,0
200,1742990438867,3696,3696,3696,3696,3696,3696,7.079994201660156,62.55171203613281,18.854690551757813,7.2864990234375,34.560386657714844,7.656707763671875,2338.0679321289063,39269.73858642578,28019.355529785156,0,17112264704,62914560000,7191154688,0
1,1742990439067,3696,3696,3696,3696,3696,3696,11.849540710449219,13.857147216796875,15.004920959472656,20.218887329101563,13.174453735351563,20.794921875,2338.2393188476563,39273.52587890625,28022.4375,0,17112264704,62914560000,7138271232,0
