Delta,Time,CPU_FREQUENCY_0,CPU_FREQUENCY_1,CPU_FREQUENCY_2,CPU_FREQUENCY_3,CPU_FREQUENCY_4,CPU_FREQUENCY_5,CPU_USAGE_0,CPU_USAGE_1,CPU_USAGE_2,CPU_USAGE_3,CPU_USAGE_4,CPU_USAGE_5,DRAM_ENERGY (J),PACKAGE_ENERGY (J),PP0_ENERGY (J),PP1_ENERGY (J),TOTAL_MEMORY,TOTAL_SWAP,USED_MEMORY,USED_SWAP
0,1742990452769,3696,3696,3696,3696,3696,3696,100,100,100,100,100,100,2350.354248046875,39568.974609375,28269.255737304688,0,17112264704,62914560000,7130632192,0
200,1742990452769,3696,3696,3696,3696,3696,3696,87.04971313476563,99.91896057128906,86.19589233398438,85.34334564208984,89.38656616210938,91.17333984375,2350.3571166992188,39569.03057861328,28269.316345214844,0,17112264704,62914560000,7130533888,0
200,1742990452970,3696,3696,3696,3696,3696,3696,16.508956909179688,36.370628356933594,38.55742263793945,7.2977447509765625,8.383071899414063,29.058921813964844,2350.5150146484375,39573.964599609375,28273.532287597656,0,17112264704,62914560000,7155679232,0
198,1742990453171,3696,3696,3696,3696,3696,3696,9.678123474121094,32.68632507324219,32.392372131347656,19.254173278808594,28.22783660888672,18.675079345703125,2350.7073974609375,39579.262756347656,28278.121704101563,0,17112264704,62914560000,7205916672,0
200,1742990453370,3696,3696,3696,3696,3696,3696,31.123985290527344,46.75179672241211,15.077178955078125,22.784271240234375,14.246559143066406,17.413543701171875,2350.8863525390625,39584.298400878906,28282.452514648438,0,17112264704,62914560000,7233744896,0
200,1742990453571,3696,3696,3696,3696,3696,3696,5.42596435546875,83.6270523071289,17.613693237304688,4.184623718261719,14.192878723144531,19.055809020996094,2351.060546875,39589.34045410156,28286.79248046875,0,17112264704,62914560000,7272361984,0
199,1742990453771,3696,3696,3696,3696,3696,3696,9.746200561523438,22.14488983154297,4.908088684082031,71.12840270996094,2.8382034301757813,7.134513854980469,2351.21875,39594.022216796875,28290.759521484375,0,17112264704,62914560000,7297052672,0
2,1742990453971,3696,3696,3696,3696,3696,3696,29.80431365966797,71.53707885742188,4.3658905029296875,8.810714721679688,5.430885314941406,14.140899658203125,2351.4772338867188,39598.56896972656,28294.559204101563,0,17112264704,62914560000,7134670848,0
