Delta,Time,CPU_FREQUENCY_0,CPU_FREQUENCY_1,CPU_FREQUENCY_2,CPU_FREQUENCY_3,CPU_FREQUENCY_4,CPU_FREQUENCY_5,CPU_USAGE_0,CPU_USAGE_1,CPU_USAGE_2,CPU_USAGE_3,CPU_USAGE_4,CPU_USAGE_5,DRAM_ENERGY (J),PACKAGE_ENERGY (J),PP0_ENERGY (J),PP1_ENERGY (J),TOTAL_MEMORY,TOTAL_SWAP,USED_MEMORY,USED_SWAP
0,1743634943367,3696,3696,3696,3696,3696,3696,100,100,100,100,100,100,3805.9942626953125,103727.36932373047,87617.5855102539,0,17112264704,62914560000,4783050752,0
200,1743634943367,3696,3696,3696,3696,3696,3696,90.15071105957031,99.82239532470703,96.5367431640625,85.99939727783203,96.65812683105469,100,3805.998046875,103727.44708251953,87617.67205810547,0,17112264704,62914560000,4782792704,0
200,1743634943568,3696,3696,3696,3696,3696,3696,38.52339553833008,43.666927337646484,25.433509826660156,9.851226806640625,6.27789306640625,8.226150512695313,3806.1533813476563,103732.41876220703,87621.9144897461,0,17112264704,62914560000,4805492736,0
200,1743634943768,3696,3696,3696,3696,3696,3696,5.113685607910156,53.44603729248047,9.599922180175781,12.645248413085938,48.28529739379883,6.809257507324219,3806.3208618164063,103737.5629272461,87626.36218261719,0,17112264704,62914560000,4823838720,0
200,1743634943969,3696,3696,3696,3696,3696,3696,11.945037841796875,39.740665435791016,11.295906066894531,18.12548828125,36.887542724609375,5.7085418701171875,3806.4841918945313,103742.39422607422,87630.49450683594,0,17112264704,62914560000,4849360896,0
200,1743634944169,3696,3696,3696,3696,3696,3696,21.801795959472656,53.740474700927734,24.071189880371094,11.755149841308594,21.358665466308594,1.781494140625,3806.6517333984375,103747.35437011719,87634.7367553711,0,17112264704,62914560000,4906221568,0
200,1743634944369,3696,3696,3696,3696,3696,3696,15.341529846191406,62.18216323852539,20.613677978515625,17.145042419433594,6.183998107910156,7.806449890136719,3806.81982421875,103752.06701660156,87638.75012207031,0,17112264704,62914560000,4921700352,0
200,1743634944570,3696,3696,3696,3696,3696,3696,2.248626708984375,10.102630615234375,77.91474914550781,10.783119201660156,2.4881591796875,12.161552429199219,3807.0620727539063,103756.40246582031,87642.37310791016,0,17112264704,62914560000,4871344128,0
3,1743634944770,3696,3696,3696,3696,3696,3696,8.377189636230469,3.8699798583984375,3.8052520751953125,0,0,0.04941558837890625,3807.1738891601563,103757.83392333984,87643.07751464844,0,17112264704,62914560000,4798447616,0
