Delta,Time,CPU_FREQUENCY_0,CPU_FREQUENCY_1,CPU_FREQUENCY_2,CPU_FREQUENCY_3,CPU_FREQUENCY_4,CPU_FREQUENCY_5,CPU_USAGE_0,CPU_USAGE_1,CPU_USAGE_2,CPU_USAGE_3,CPU_USAGE_4,CPU_USAGE_5,DRAM_ENERGY (J),PACKAGE_ENERGY (J),PP0_ENERGY (J),PP1_ENERGY (J),TOTAL_MEMORY,TOTAL_SWAP,USED_MEMORY,USED_SWAP
0,1742990431922,3696,3696,3696,3696,3696,3696,100,100,100,100,100,100,2331.7410278320313,39113.43048095703,27887.756408691406,0,17112264704,62914560000,7157444608,0
200,1742990431922,3696,3696,3696,3696,3696,3696,100,100,100,100,100,100,2331.7454833984375,39113.50402832031,27887.83526611328,0,17112264704,62914560000,7158358016,0
200,1742990432122,3696,3696,3696,3696,3696,3696,29.96014404296875,61.1585807800293,16.88903045654297,13.315666198730469,25.80126953125,36.38070297241211,2331.9225463867188,39118.73065185547,27892.353454589844,0,17112264704,62914560000,7171330048,0
198,1742990432324,3696,3696,3696,3696,3696,3696,18.597320556640625,42.961402893066406,7.343391418457031,11.958541870117188,33.61835479736328,21.930503845214844,2332.0877685546875,39123.85430908203,27896.76104736328,0,17112264704,62914560000,7206871040,0
200,1742990432523,3696,3696,3696,3696,3696,3696,28.51465606689453,37.898799896240234,13.524612426757813,36.16224670410156,37.61722183227539,18.348876953125,2332.2711791992188,39129.36309814453,27901.56817626953,0,17112264704,62914560000,7258255360,0
200,1742990432723,3696,3696,3696,3696,3696,3696,7.797218322753906,77.71080017089844,15.027236938476563,10.542816162109375,10.097747802734375,11.766891479492188,2332.4396362304688,39134.18957519531,27905.69158935547,0,17112264704,62914560000,7281377280,0
200,1742990432924,3696,3696,3696,3696,3696,3696,18.228378295898438,34.764930725097656,62.371612548828125,44.46869659423828,11.726295471191406,10.034515380859375,2332.6676025390625,39140.069396972656,27910.844116210938,0,17112264704,62914560000,7306235904,0
200,1742990433124,3696,3696,3696,3696,3696,3696,27.662254333496094,34.685890197753906,19.53314208984375,18.275634765625,6.163047790527344,25.761497497558594,2332.9227294921875,39144.715576171875,27914.748291015625,0,17112264704,62914560000,7301746688,0
4,1742990433325,3696,3696,3696,3696,3696,3696,1.5931396484375,10.256759643554688,0.064910888671875,0,0,0,2333.036376953125,39145.906799316406,27915.23553466797,0,17112264704,62914560000,7181713408,0
