Delta,Time,CPU_FREQUENCY_0,CPU_FREQUENCY_1,CPU_FREQUENCY_2,CPU_FREQUENCY_3,CPU_FREQUENCY_4,CPU_FREQUENCY_5,CPU_USAGE_0,CPU_USAGE_1,CPU_USAGE_2,CPU_USAGE_3,CPU_USAGE_4,CPU_USAGE_5,DRAM_ENERGY (J),PACKAGE_ENERGY (J),PP0_ENERGY (J),PP1_ENERGY (J),TOTAL_MEMORY,TOTAL_SWAP,USED_MEMORY,USED_SWAP
0,1743634905311,3696,3696,3696,3696,3696,3696,100,100,100,100,100,100,3773.2207641601563,102924.88104248047,86949.9400024414,0,17112264704,62914560000,4768210944,0
199,1743634905311,3696,3696,3696,3696,3696,3696,80.42079162597656,99.8512191772461,92.69522857666016,80.50251770019531,86.5583267211914,82.8165512084961,3773.2293701171875,102925.00512695313,86950.04473876953,0,17112264704,62914560000,4768256000,0
200,1743634905511,3696,3696,3696,3696,3696,3696,34.50572967529297,58.912357330322266,29.041038513183594,11.172256469726563,12.670326232910156,15.173133850097656,3773.3961181640625,102930.166015625,86954.51623535156,0,17112264704,62914560000,4775649280,0
199,1743634905712,3696,3696,3696,3696,3696,3696,9.752525329589844,52.126007080078125,11.871437072753906,10.012069702148438,2.7500762939453125,34.88887023925781,3773.5584716796875,102934.89611816406,86958.55236816406,0,17112264704,62914560000,4811489280,0
200,1743634905912,3696,3696,3696,3696,3696,3696,13.077041625976563,14.756858825683594,19.241058349609375,28.292373657226563,32.48583984375,13.4317626953125,3773.72119140625,102939.64697265625,86962.6001586914,0,17112264704,62914560000,4837363712,0
200,1743634906112,3696,3696,3696,3696,3696,3696,30.26512908935547,75.62893676757813,9.267189025878906,9.233131408691406,15.606521606445313,3.14202880859375,3773.8971557617188,102944.8349609375,86967.06005859375,0,17112264704,62914560000,4888465408,0
200,1743634906313,3696,3696,3696,3696,3696,3696,1.7879714965820313,38.82110595703125,62.40006637573242,2.7863693237304688,6.928321838378906,6.902435302734375,3774.054931640625,102949.43017578125,86970.97161865234,0,17112264704,62914560000,4901793792,0
200,1743634906513,3696,3696,3696,3696,3696,3696,13.361869812011719,30.254486083984375,23.04566192626953,25.84638214111328,11.42852783203125,15.551162719726563,3774.2897338867188,102953.87377929688,86974.67474365234,0,17112264704,62914560000,4904550400,0
5,1743634906714,3696,3696,3696,3696,3696,3696,0.6169281005859375,7.93658447265625,2.2677383422851563,4.2882843017578125,0.12624359130859375,0.19814300537109375,3774.4187622070313,102955.51550292969,86975.59393310547,0,17112264704,62914560000,4781436928,0
