Delta,Time,CPU_FREQUENCY_0,CPU_FREQUENCY_1,CPU_FREQUENCY_2,CPU_FREQUENCY_3,CPU_FREQUENCY_4,CPU_FREQUENCY_5,CPU_USAGE_0,CPU_USAGE_1,CPU_USAGE_2,CPU_USAGE_3,CPU_USAGE_4,CPU_USAGE_5,DRAM_ENERGY (J),PACKAGE_ENERGY (J),PP0_ENERGY (J),PP1_ENERGY (J),TOTAL_MEMORY,TOTAL_SWAP,USED_MEMORY,USED_SWAP
0,1743634911070,3696,3696,3696,3696,3696,3696,100,100,100,100,100,100,3778.0752563476563,103043.2650756836,87047.94744873047,0,17112264704,62914560000,4753522688,0
200,1743634911070,3696,3696,3696,3696,3696,3696,85.04486083984375,99.86507415771484,82.59123229980469,91.14533996582031,83.72947692871094,83.68024444580078,3778.0805053710938,103043.3637084961,87048.04168701172,0,17112264704,62914560000,4753694720,0
199,1743634911271,3696,3696,3696,3696,3696,3696,23.953834533691406,59.208980560302734,17.456581115722656,13.165412902832031,9.746658325195313,17.059738159179688,3778.2384033203125,103048.34851074219,87052.31024169922,0,17112264704,62914560000,4775768064,0
199,1743634911472,3696,3696,3696,3696,3696,3696,37.56855392456055,41.98536682128906,16.94017791748047,27.784774780273438,11.685890197753906,14.02783203125,3778.4152221679688,103053.65460205078,87056.91284179688,0,17112264704,62914560000,4814974976,0
200,1743634911671,3696,3696,3696,3696,3696,3696,30.438095092773438,37.32454299926758,10.094184875488281,35.617393493652344,12.663291931152344,4.536598205566406,3778.583984375,103058.48095703125,87061.04162597656,0,17112264704,62914560000,4840333312,0
200,1743634911872,3696,3696,3696,3696,3696,3696,11.896011352539063,46.112770080566406,28.186569213867188,19.745925903320313,6.6545867919921875,17.760276794433594,3778.7494506835938,103063.40740966797,87065.24981689453,0,17112264704,62914560000,4889161728,0
200,1743634912072,3696,3696,3696,3696,3696,3696,1.9480133056640625,74.54673767089844,29.99298858642578,5.0247802734375,2.096435546875,2.6639556884765625,3778.9059448242188,103068.09832763672,87069.25158691406,0,17112264704,62914560000,4905312256,0
200,1743634912273,3696,3696,3696,3696,3696,3696,12.372367858886719,76.69496154785156,20.750076293945313,7.673164367675781,13.345809936523438,19.94873046875,3779.17041015625,103072.95227050781,87073.38354492188,0,17112264704,62914560000,4873879552,0
4,1743634912473,3696,3696,3696,3696,3696,3696,7.616607666015625,2.342010498046875,4.2009124755859375,0,0.03167724609375,5.061180114746094,3779.2926635742188,103074.63500976563,87074.3335571289,0,17112264704,62914560000,4754198528,0
