Delta,Time,CPU_FREQUENCY_0,CPU_FREQUENCY_1,CPU_FREQUENCY_2,CPU_FREQUENCY_3,CPU_FREQUENCY_4,CPU_FREQUENCY_5,CPU_USAGE_0,CPU_USAGE_1,CPU_USAGE_2,CPU_USAGE_3,CPU_USAGE_4,CPU_USAGE_5,DRAM_ENERGY (J),PACKAGE_ENERGY (J),PP0_ENERGY (J),PP1_ENERGY (J),TOTAL_MEMORY,TOTAL_SWAP,USED_MEMORY,USED_SWAP
0,1742990443194,3696,3696,3696,3696,3696,3696,37.768470764160156,59.094600677490234,40.7922248840332,74.3259048461914,38.98206329345703,30.034210205078125,2341.8389282226563,39360.63610839844,28094.89825439453,0,17112264704,62914560000,7130644480,0
200,1742990443194,3696,3696,3696,3696,3696,3696,100,100,100,100,100,100,2341.8463745117188,39360.795654296875,28095.045166015625,0,17112264704,62914560000,7130677248,0
200,1742990443395,3696,3696,3696,3696,3696,3696,15.277626037597656,31.520370483398438,33.24494934082031,22.779830932617188,18.773284912109375,50.043663024902344,2342.0234375,39366.213317871094,28099.756408691406,0,17112264704,62914560000,7163219968,0
198,1742990443596,3696,3696,3696,3696,3696,3696,17.618209838867188,36.6862678527832,32.35621643066406,6.37542724609375,18.985397338867188,34.6158447265625,2342.1936645507813,39371.327087402344,28104.184020996094,0,17112264704,62914560000,7192637440,0
200,1742990443795,3696,3696,3696,3696,3696,3696,23.149139404296875,46.24161148071289,6.6388702392578125,4.890403747558594,7.451057434082031,34.894004821777344,2342.3544311523438,39376.130920410156,28108.280822753906,0,17112264704,62914560000,7216705536,0
200,1742990443996,3696,3696,3696,3696,3696,3696,34.04126739501953,33.18327331542969,49.13926315307617,13.498886108398438,4.841865539550781,12.430816650390625,2342.5384521484375,39381.27185058594,28112.696655273438,0,17112264704,62914560000,7264874496,0
200,1742990444196,3696,3696,3696,3696,3696,3696,18.599502563476563,53.49900817871094,48.17045211791992,15.771018981933594,22.616622924804688,10.716560363769531,2342.7476196289063,39386.80651855469,28117.53204345703,0,17112264704,62914560000,7284781056,0
200,1742990444396,3696,3696,3696,3696,3696,3696,14.913230895996094,49.90725326538086,29.186904907226563,6.7030181884765625,36.69294738769531,12.401145935058594,2343.005859375,39391.70538330078,28121.678588867188,0,17112264704,62914560000,7242600448,0
5,1742990444597,3696,3696,3696,3696,3696,3696,0,6.1811676025390625,5.800895690917969,0,2.1759872436523438,0,2343.12548828125,39393.1455078125,28122.416076660156,0,17112264704,62914560000,7121403904,0
