Delta,Time,CPU_FREQUENCY_0,CPU_FREQUENCY_1,CPU_FREQUENCY_2,CPU_FREQUENCY_3,CPU_FREQUENCY_4,CPU_FREQUENCY_5,CPU_USAGE_0,CPU_USAGE_1,CPU_USAGE_2,CPU_USAGE_3,CPU_USAGE_4,CPU_USAGE_5,DRAM_ENERGY (J),PACKAGE_ENERGY (J),PP0_ENERGY (J),PP1_ENERGY (J),TOTAL_MEMORY,TOTAL_SWAP,USED_MEMORY,USED_SWAP
0,1743634893763,3696,3696,3696,3696,3696,3696,100,100,100,100,100,100,3763.3965454101563,102692.34729003906,86754.0415649414,0,17112264704,62914560000,4800057344,0
200,1743634893763,3696,3696,3696,3696,3696,3696,100,100,100,100,100,100,3763.404296875,102692.47424316406,86754.17547607422,0,17112264704,62914560000,4800090112,0
200,1743634893964,3696,3696,3696,3696,3696,3696,46.146549224853516,56.804168701171875,22.43035125732422,17.713333129882813,15.925346374511719,18.253128051757813,3763.5609741210938,102697.00457763672,86758.44915771484,0,17112264704,62914560000,4819685376,0
199,1743634894165,3696,3696,3696,3696,3696,3696,12.862556457519531,59.21029281616211,25.762962341308594,21.000587463378906,6.3509063720703125,4.679847717285156,3763.7307739257813,102701.49932861328,86762.66625976563,0,17112264704,62914560000,4861599744,0
200,1743634894364,3696,3696,3696,3696,3696,3696,23.241989135742188,62.97431564331055,16.436599731445313,14.344657897949219,11.295967102050781,43.93252182006836,3763.9447631835938,102706.4859008789,86767.37274169922,0,17112264704,62914560000,4878753792,0
200,1743634894565,3696,3696,3696,3696,3696,3696,7.6589202880859375,78.46625518798828,21.5347900390625,8.006195068359375,20.95726776123047,17.906700134277344,3764.1255493164063,102711.31219482422,86771.93505859375,0,17112264704,62914560000,4881653760,0
200,1743634894765,3696,3696,3696,3696,3696,3696,1.8444061279296875,63.3788948059082,8.842643737792969,7.749603271484375,9.47467041015625,24.47222137451172,3764.2858276367188,102715.43865966797,86775.77770996094,0,17112264704,62914560000,4906000384,0
200,1743634894965,3696,3696,3696,3696,3696,3696,8.32232666015625,32.011566162109375,47.37157440185547,8.965301513671875,3.8459014892578125,24.531112670898438,3764.4675903320313,102719.8119506836,86779.89001464844,0,17112264704,62914560000,4938465280,0
5,1743634895166,3696,3696,3696,3696,3696,3696,18.447616577148438,18.93077850341797,22.616058349609375,0,0.508453369140625,3.206756591796875,3764.6861572265625,102722.23516845703,86781.95568847656,0,17112264704,62914560000,4804583424,0
