Delta,Time,CPU_FREQUENCY_0,CPU_FREQUENCY_1,CPU_FREQUENCY_2,CPU_FREQUENCY_3,CPU_FREQUENCY_4,CPU_FREQUENCY_5,CPU_USAGE_0,CPU_USAGE_1,CPU_USAGE_2,CPU_USAGE_3,CPU_USAGE_4,CPU_USAGE_5,DRAM_ENERGY (J),PACKAGE_ENERGY (J),PP0_ENERGY (J),PP1_ENERGY (J),TOTAL_MEMORY,TOTAL_SWAP,USED_MEMORY,USED_SWAP
0,1743634932075,3696,3696,3696,3696,3696,3696,24.834251403808594,57.80721664428711,26.957481384277344,29.16126251220703,28.44904327392578,58.06230926513672,3796.1787109375,103487.94256591797,87418.20959472656,0,17112264704,62914560000,4774019072,0
199,1743634932076,3696,3696,3696,3696,3696,3696,100,100,100,100,100,100,3796.1820068359375,103488.0111694336,87418.26391601563,0,17112264704,62914560000,4774207488,0
200,1743634932276,3696,3696,3696,3696,3696,3696,18.301956176757813,40.07542419433594,42.75263214111328,15.499183654785156,11.620391845703125,11.211708068847656,3796.3306884765625,103492.73681640625,87422.296875,0,17112264704,62914560000,4796407808,0
198,1743634932477,3696,3696,3696,3696,3696,3696,22.19866943359375,40.965431213378906,42.52298355102539,7.53656005859375,6.153419494628906,14.296768188476563,3796.4964599609375,103497.89556884766,87426.73742675781,0,17112264704,62914560000,4837588992,0
199,1743634932676,3696,3696,3696,3696,3696,3696,17.011306762695313,35.609375,18.105911254882813,8.820259094238281,56.40095520019531,9.063522338867188,3796.6688842773438,103502.98822021484,87431.12567138672,0,17112264704,62914560000,4837675008,0
200,1743634932876,3696,3696,3696,3696,3696,3696,18.253265380859375,83.10919189453125,25.833473205566406,3.4110107421875,1.7551422119140625,0.4868621826171875,3796.835205078125,103507.75085449219,87435.19140625,0,17112264704,62914560000,4881321984,0
200,1743634933077,3696,3696,3696,3696,3696,3696,33.48912048339844,65.4762191772461,15.19757080078125,12.99029541015625,23.60375213623047,19.225730895996094,3797.0494384765625,103513.5064086914,87440.22967529297,0,17112264704,62914560000,4898664448,0
200,1743634933277,3696,3696,3696,3696,3696,3696,6.808601379394531,20.508880615234375,52.1784782409668,1.7680130004882813,12.816375732421875,24.907081604003906,3797.2907104492188,103517.92755126953,87443.91540527344,0,17112264704,62914560000,4897173504,0
5,1743634933478,3696,3696,3696,3696,3696,3696,7.2988739013671875,2.9286956787109375,3.2978134155273438,4.431831359863281,0,5.836875915527344,3797.4276733398438,103519.5791015625,87444.83715820313,0,17112264704,62914560000,4786855936,0
