Delta,Time,CPU_FREQUENCY_0,CPU_FREQUENCY_1,CPU_FREQUENCY_2,CPU_FREQUENCY_3,CPU_FREQUENCY_4,CPU_FREQUENCY_5,CPU_USAGE_0,CPU_USAGE_1,CPU_USAGE_2,CPU_USAGE_3,CPU_USAGE_4,CPU_USAGE_5,DRAM_ENERGY (J),PACKAGE_ENERGY (J),PP0_ENERGY (J),PP1_ENERGY (J),TOTAL_MEMORY,TOTAL_SWAP,USED_MEMORY,USED_SWAP
0,1743634937823,3696,3696,3696,3696,3696,3696,47.42349624633789,85.505615234375,65.36152648925781,48.94619369506836,37.826416015625,56.7655143737793,3801.1671142578125,103608.98840332031,87518.8638305664,0,17112264704,62914560000,4778762240,0
200,1743634937824,3696,3696,3696,3696,3696,3696,100,100,100,100,100,100,3801.1707153320313,103609.04797363281,87518.91412353516,0,17112264704,62914560000,4778926080,0
200,1743634938024,3696,3696,3696,3696,3696,3696,13.575485229492188,41.98908233642578,23.949806213378906,27.783889770507813,18.44902801513672,10.443336486816406,3801.32177734375,103613.90606689453,87523.0712890625,0,17112264704,62914560000,4803325952,0
200,1743634938225,3696,3696,3696,3696,3696,3696,11.797187805175781,53.09711456298828,29.296424865722656,8.579124450683594,34.69609832763672,7.910858154296875,3801.4999389648438,103619.1298828125,87527.59326171875,0,17112264704,62914560000,4821319680,0
200,1743634938425,3696,3696,3696,3696,3696,3696,10.401756286621094,38.65622329711914,35.02173614501953,7.8714752197265625,33.298423767089844,8.808708190917969,3801.6688842773438,103624.12475585938,87531.86163330078,0,17112264704,62914560000,4849295360,0
200,1743634938625,3696,3696,3696,3696,3696,3696,16.207077026367188,84.60237884521484,12.569931030273438,5.361824035644531,12.90130615234375,15.1160888671875,3801.8430786132813,103629.2191772461,87536.26141357422,0,17112264704,62914560000,4902363136,0
200,1743634938826,3696,3696,3696,3696,3696,3696,0.2364959716796875,53.81887435913086,46.968143463134766,4.637153625488281,1.0730361938476563,1.7936477661132813,3801.997314453125,103633.74743652344,87540.09216308594,0,17112264704,62914560000,4913233920,0
200,1743634939026,3696,3696,3696,3696,3696,3696,15.342002868652344,36.88935852050781,17.633468627929688,17.692039489746094,2.2112503051757813,34.62273406982422,3802.2526245117188,103638.13610839844,87543.75634765625,0,17112264704,62914560000,4813217792,0
3,1743634939226,3696,3696,3696,3696,3696,3696,4.675041198730469,13.779136657714844,7.725128173828125,6.742401123046875,4.004119873046875,13.986244201660156,3802.3942260742188,103640.07049560547,87544.96301269531,0,17112264704,62914560000,4790165504,0
