Delta,Time,CPU_FREQUENCY_0,CPU_FREQUENCY_1,CPU_FREQUENCY_2,CPU_FREQUENCY_3,CPU_FREQUENCY_4,CPU_FREQUENCY_5,CPU_USAGE_0,CPU_USAGE_1,CPU_USAGE_2,CPU_USAGE_3,CPU_USAGE_4,CPU_USAGE_5,DRAM_ENERGY (J),PACKAGE_ENERGY (J),PP0_ENERGY (J),PP1_ENERGY (J),TOTAL_MEMORY,TOTAL_SWAP,USED_MEMORY,USED_SWAP
0,1742991190873,3696,3696,3696,3696,3696,3696,100,100,100,100,100,100,2846.5473022460938,49137.575134277344,35405.23596191406,0,17112264704,62914560000,7225315328,0
199,1742991190874,3696,3696,3696,3696,3696,3696,87.60680389404297,99.94244384765625,93.91788482666016,86.3871841430664,87.11691284179688,87.5428466796875,2846.5508422851563,49137.650634765625,35405.29461669922,0,17112264704,62914560000,7225167872,0
199,1742991191074,3696,3696,3696,3696,3696,3696,10.514022827148438,67.34004211425781,35.78900146484375,5.274635314941406,5.3446197509765625,10.629776000976563,2846.7052612304688,49142.6025390625,35409.54229736328,0,17112264704,62914560000,7248752640,0
200,1742991191274,3696,3696,3696,3696,3696,3696,47.31125259399414,16.43877410888672,27.68018341064453,11.387992858886719,26.764297485351563,21.56378936767578,2846.8894653320313,49147.931213378906,35414.158935546875,0,17112264704,62914560000,7302787072,0
200,1742991191474,3696,3696,3696,3696,3696,3696,11.929443359375,46.55339050292969,13.614952087402344,7.167999267578125,54.63392639160156,10.696586608886719,2847.0704956054688,49153.109802246094,35418.62658691406,0,17112264704,62914560000,7308201984,0
200,1742991191675,3696,3696,3696,3696,3696,3696,11.511604309082031,52.57259750366211,25.66222381591797,9.289337158203125,32.73693084716797,7.87591552734375,2847.242431640625,49158.22491455078,35423.02307128906,0,17112264704,62914560000,7343751168,0
200,1742991191876,3696,3696,3696,3696,3696,3696,8.829803466796875,80.46269226074219,16.660675048828125,0.1310272216796875,0.06110382080078125,10.882568359375,2847.4031372070313,49163.040466308594,35427.12860107422,0,17112264704,62914560000,7360450560,0
200,1742991192076,3696,3696,3696,3696,3696,3696,62.87177658081055,63.35099411010742,84.64004516601563,77.14891052246094,62.28418731689453,62.91326904296875,2847.5919189453125,49172.02111816406,35435.41748046875,0,17112264704,62914560000,7384354816,0
6,1742991192277,3696,3696,3696,3696,3696,3696,41.850040435791016,31.27410888671875,35.162811279296875,38.706817626953125,29.42638397216797,29.45136260986328,2847.7818603515625,49176.56036376953,35439.19482421875,0,17112264704,62914560000,7243472896,0
