Delta,Time,CPU_FREQUENCY_0,CPU_FREQUENCY_1,CPU_FREQUENCY_2,CPU_FREQUENCY_3,CPU_FREQUENCY_4,CPU_FREQUENCY_5,CPU_USAGE_0,CPU_USAGE_1,CPU_USAGE_2,CPU_USAGE_3,CPU_USAGE_4,CPU_USAGE_5,DRAM_ENERGY (J),PACKAGE_ENERGY (J),PP0_ENERGY (J),PP1_ENERGY (J),TOTAL_MEMORY,TOTAL_SWAP,USED_MEMORY,USED_SWAP
0,1742991163475,3696,3696,3696,3696,3696,3696,100,100,100,100,100,100,2822.2467651367188,48454.75262451172,34819.69921875,0,17112264704,62914560000,7236509696,0
200,1742991163475,3696,3696,3696,3696,3696,3696,85.17233276367188,94.15032958984375,99.9157943725586,85.28971099853516,84.40938568115234,85.39559936523438,2822.2515869140625,48454.845764160156,34819.76428222656,0,17112264704,62914560000,7236354048,0
200,1742991163675,3696,3696,3696,3696,3696,3696,19.591629028320313,46.811279296875,37.18509292602539,22.616134643554688,8.353622436523438,13.546958923339844,2822.4087524414063,48459.869140625,34824.089904785156,0,17112264704,62914560000,7259504640,0
200,1742991163876,3696,3696,3696,3696,3696,3696,12.860733032226563,77.0448989868164,6.984527587890625,14.61309814453125,19.251365661621094,5.4350128173828125,2822.5757446289063,48464.8447265625,34828.33642578125,0,17112264704,62914560000,7303397376,0
200,1742991164076,3696,3696,3696,3696,3696,3696,14.633125305175781,89.30221557617188,24.39881134033203,11.310630798339844,15.098114013671875,15.341705322265625,2822.7677001953125,48470.29919433594,34833.10919189453,0,17112264704,62914560000,7354408960,0
200,1742991164277,3696,3696,3696,3696,3696,3696,36.86191177368164,37.13554763793945,37.58246612548828,23.792831420898438,3.8014755249023438,14.08319091796875,2822.9527587890625,48475.58117675781,34837.653564453125,0,17112264704,62914560000,7347728384,0
200,1742991164477,3696,3696,3696,3696,3696,3696,5.884185791015625,17.206886291503906,69.77828216552734,16.89068603515625,0.969635009765625,0.8628082275390625,2823.1065063476563,48480.187072753906,34841.564880371094,0,17112264704,62914560000,7364407296,0
200,1742991164677,3696,3696,3696,3696,3696,3696,62.50421905517578,76.03396606445313,85.4354476928711,60.94535827636719,61.72483825683594,61.181182861328125,2823.2931518554688,48489.071228027344,34849.75897216797,0,17112264704,62914560000,7390060544,0
3,1742991164878,3696,3696,3696,3696,3696,3696,38.29261016845703,37.93757247924805,45.838470458984375,46.50346374511719,36.92500305175781,41.741188049316406,2823.5299682617188,48494.720764160156,34854.64208984375,0,17112264704,62914560000,7246905344,0
