Delta,Time,CPU_FREQUENCY_0,CPU_FREQUENCY_1,CPU_FREQUENCY_2,CPU_FREQUENCY_3,CPU_FREQUENCY_4,CPU_FREQUENCY_5,CPU_USAGE_0,CPU_USAGE_1,CPU_USAGE_2,CPU_USAGE_3,CPU_USAGE_4,CPU_USAGE_5,DRAM_ENERGY (J),PACKAGE_ENERGY (J),PP0_ENERGY (J),PP1_ENERGY (J),TOTAL_MEMORY,TOTAL_SWAP,USED_MEMORY,USED_SWAP
0,1742991169397,3696,3696,3696,3696,3696,3696,0,43.02903366088867,0,4.306488037109375,0,1.922119140625,2827.5045166015625,48601.31219482422,34945.21936035156,0,17112264704,62914560000,7262306304,0
200,1742991169398,3696,3696,3696,3696,3696,3696,100,100,100,100,100,100,2827.5078125,48601.37921142578,34945.27459716797,0,17112264704,62914560000,7261937664,0
200,1742991169598,3696,3696,3696,3696,3696,3696,12.498146057128906,74.686279296875,20.193588256835938,9.586845397949219,27.789405822753906,20.30695343017578,2827.6602783203125,48606.440002441406,34949.620056152344,0,17112264704,62914560000,7287533568,0
200,1742991169798,3696,3696,3696,3696,3696,3696,25.067611694335938,23.39214324951172,33.277931213378906,13.758934020996094,8.653022766113281,45.13916015625,2827.8294067382813,48611.448791503906,34953.933654785156,0,17112264704,62914560000,7308500992,0
200,1742991169999,3696,3696,3696,3696,3696,3696,12.519645690917969,34.304107666015625,11.78076171875,27.583160400390625,45.46525192260742,10.084976196289063,2828.01025390625,48616.51867675781,34958.27569580078,0,17112264704,62914560000,7338807296,0
200,1742991170199,3696,3696,3696,3696,3696,3696,9.091651916503906,74.17704772949219,7.1644439697265625,7.30523681640625,3.4787673950195313,24.157432556152344,2828.1693115234375,48621.259765625,34962.31561279297,0,17112264704,62914560000,7390703616,0
199,1742991170399,3696,3696,3696,3696,3696,3696,4.078971862792969,9.900360107421875,42.663612365722656,10.305763244628906,18.609848022460938,41.02583694458008,2828.336669921875,48626.11981201172,34966.48504638672,0,17112264704,62914560000,7400366080,0
201,1742991170599,3696,3696,3696,3696,3696,3696,65.70186614990234,66.7462158203125,93.20793151855469,72.89259338378906,65.29721069335938,67.21298217773438,2828.5465698242188,48635.5029296875,34975.177307128906,0,17112264704,62914560000,7448023040,0
5,1742991170801,3696,3696,3696,3696,3696,3696,36.97965621948242,43.0145263671875,36.162750244140625,32.538551330566406,35.620140075683594,36.86207580566406,2828.7434692382813,48640.271484375,34979.17004394531,0,17112264704,62914560000,7283904512,0
