Delta,Time,CPU_FREQUENCY_0,CPU_FREQUENCY_1,CPU_FREQUENCY_2,CPU_FREQUENCY_3,CPU_FREQUENCY_4,CPU_FREQUENCY_5,CPU_USAGE_0,CPU_USAGE_1,CPU_USAGE_2,CPU_USAGE_3,CPU_USAGE_4,CPU_USAGE_5,DRAM_ENERGY (J),PACKAGE_ENERGY (J),PP0_ENERGY (J),PP1_ENERGY (J),TOTAL_MEMORY,TOTAL_SWAP,USED_MEMORY,USED_SWAP
0,1742991139809,3696,3696,3696,3696,3696,3696,100,100,100,100,100,100,2800.822998046875,47860.405517578125,34309.47351074219,0,17112264704,62914560000,7161782272,0
200,1742991139809,3696,3696,3696,3696,3696,3696,85.8413314819336,99.94385528564453,86.74343872070313,94.58228302001953,87.09751892089844,87.4981689453125,2800.8261108398438,47860.465087890625,34309.53875732422,0,17112264704,62914560000,7161618432,0
200,1742991140010,3696,3696,3696,3696,3696,3696,15.882011413574219,46.640846252441406,17.43499755859375,27.39185333251953,8.104972839355469,31.430931091308594,2800.9876708984375,47865.667907714844,34314.042907714844,0,17112264704,62914560000,7192760320,0
200,1742991140210,3696,3696,3696,3696,3696,3696,26.766990661621094,32.936798095703125,62.306854248046875,25.21393585205078,37.8466911315918,19.296234130859375,2801.2042236328125,47871.613525390625,34319.26043701172,0,17112264704,62914560000,7230799872,0
200,1742991140411,3696,3696,3696,3696,3696,3696,23.152496337890625,28.24774932861328,41.69011688232422,15.854934692382813,5.232978820800781,12.297760009765625,2801.3759155273438,47876.605529785156,34323.52880859375,0,17112264704,62914560000,7249891328,0
200,1742991140611,3696,3696,3696,3696,3696,3696,5.293487548828125,39.38395309448242,40.738338470458984,16.687278747558594,24.947372436523438,16.840553283691406,2801.5460815429688,47881.656677246094,34327.89196777344,0,17112264704,62914560000,7299444736,0
200,1742991140812,3696,3696,3696,3696,3696,3696,2.026153564453125,4.454353332519531,52.32056427001953,13.227310180664063,41.21484375,2.957122802734375,2801.7078247070313,47886.244201660156,34331.75262451172,0,17112264704,62914560000,7314989056,0
200,1742991141012,3696,3696,3696,3696,3696,3696,59.18017578125,68.18280792236328,80.47482299804688,73.26644134521484,59.580177307128906,60.64997100830078,2801.9388427734375,47895.34454345703,34340.13311767578,0,17112264704,62914560000,7302500352,0
2,1742991141212,3696,3696,3696,3696,3696,3696,61.57244873046875,54.19235610961914,59.47391128540039,52.23583984375,51.8324089050293,52.35858917236328,2802.1787719726563,47901.86602783203,34345.914794921875,0,17112264704,62914560000,7164874752,0
