Delta,Time,CPU_FREQUENCY_0,CPU_FREQUENCY_1,CPU_FREQUENCY_2,CPU_FREQUENCY_3,CPU_FREQUENCY_4,CPU_FREQUENCY_5,CPU_USAGE_0,CPU_USAGE_1,CPU_USAGE_2,CPU_USAGE_3,CPU_USAGE_4,CPU_USAGE_5,DRAM_ENERGY (J),PACKAGE_ENERGY (J),PP0_ENERGY (J),PP1_ENERGY (J),TOTAL_MEMORY,TOTAL_SWAP,USED_MEMORY,USED_SWAP
0,1742991183074,3696,3696,3696,3696,3696,3696,32.03071594238281,34.525413513183594,63.1233024597168,10.860145568847656,23.55970001220703,55.408164978027344,2839.7168579101563,48943.33428955078,35238.65075683594,0,17112264704,62914560000,7242006528,0
199,1742991183074,3696,3696,3696,3696,3696,3696,0,99.66543579101563,0,58.108177185058594,0,0,2839.7196655273438,48943.36462402344,35238.68084716797,0,17112264704,62914560000,7243755520,0
199,1742991183275,3696,3696,3696,3696,3696,3696,22.592811584472656,65.70578002929688,35.243995666503906,6.131767272949219,9.755889892578125,18.799415588378906,2839.9136352539063,48948.341064453125,35242.93688964844,0,17112264704,62914560000,7269249024,0
200,1742991183475,3696,3696,3696,3696,3696,3696,30.50847625732422,34.80503845214844,26.736862182617188,18.15142059326172,17.55535125732422,24.12921142578125,2840.0831298828125,48953.59423828125,35247.4775390625,0,17112264704,62914560000,7293857792,0
200,1742991183675,3696,3696,3696,3696,3696,3696,47.34267807006836,34.112754821777344,16.455955505371094,15.580833435058594,41.694026947021484,22.642578125,2840.2803344726563,48959.185791015625,35252.363220214844,0,17112264704,62914560000,7347847168,0
200,1742991183875,3696,3696,3696,3696,3696,3696,12.403053283691406,43.40757751464844,42.53384017944336,7.556556701660156,7.325126647949219,38.21278762817383,2840.4592895507813,48964.43249511719,35256.906188964844,0,17112264704,62914560000,7359778816,0
200,1742991184076,3696,3696,3696,3696,3696,3696,4.168373107910156,40.927696228027344,42.88008117675781,3.91314697265625,2.0612335205078125,27.528945922851563,2840.6189575195313,48969.079650878906,35260.852783203125,0,17112264704,62914560000,7376609280,0
200,1742991184276,3696,3696,3696,3696,3696,3696,56.05207443237305,66.89808654785156,85.07157897949219,62.14358901977539,54.618038177490234,55.57322311401367,2840.80029296875,48977.745544433594,35268.787658691406,0,17112264704,62914560000,7397941248,0
5,1742991184477,3696,3696,3696,3696,3696,3696,32.551063537597656,38.46001052856445,36.88699722290039,29.61425018310547,29.471084594726563,28.952606201171875,2840.9974365234375,48982.41198730469,35272.72375488281,0,17112264704,62914560000,7265882112,0
