Delta,Time,CPU_FREQUENCY_0,CPU_FREQUENCY_1,CPU_FREQUENCY_2,CPU_FREQUENCY_3,CPU_FREQUENCY_4,CPU_FREQUENCY_5,CPU_USAGE_0,CPU_USAGE_1,CPU_USAGE_2,CPU_USAGE_3,CPU_USAGE_4,CPU_USAGE_5,DRAM_ENERGY (J),PACKAGE_ENERGY (J),PP0_ENERGY (J),PP1_ENERGY (J),TOTAL_MEMORY,TOTAL_SWAP,USED_MEMORY,USED_SWAP
0,1742991147678,3696,3696,3696,3696,3696,3696,54.24399948120117,78.17244720458984,75.6731185913086,73.69053649902344,37.70289611816406,38.90267562866211,2807.8658447265625,48055.97265625,34477.10693359375,0,17112264704,62914560000,7176830976,0
200,1742991147678,3696,3696,3696,3696,3696,3696,100,100,100,100,100,100,2807.8713989257813,48056.07763671875,34477.177001953125,0,17112264704,62914560000,7176810496,0
200,1742991147878,3696,3696,3696,3696,3696,3696,32.423973083496094,58.504634857177734,19.535255432128906,16.300003051757813,11.943206787109375,14.859077453613281,2808.0331420898438,48061.26623535156,34481.677734375,0,17112264704,62914560000,7188013056,0
200,1742991148078,3696,3696,3696,3696,3696,3696,16.838882446289063,31.09459686279297,51.943031311035156,17.0050048828125,13.414085388183594,4.758750915527344,2808.197998046875,48066.28503417969,34485.96838378906,0,17112264704,62914560000,7228981248,0
200,1742991148279,3696,3696,3696,3696,3696,3696,27.614852905273438,62.7100830078125,39.4288215637207,20.667930603027344,24.800201416015625,21.59668731689453,2808.4389038085938,48072.263671875,34491.22003173828,0,17112264704,62914560000,7256449024,0
200,1742991148479,3696,3696,3696,3696,3696,3696,22.036392211914063,48.54484939575195,36.905906677246094,16.74390411376953,14.267951965332031,4.465171813964844,2808.6134033203125,48077.18115234375,34495.453552246094,0,17112264704,62914560000,7302115328,0
200,1742991148680,3696,3696,3696,3696,3696,3696,18.107315063476563,77.98162078857422,8.278907775878906,7.684165954589844,1.2385406494140625,5.05572509765625,2808.7698974609375,48081.842529296875,34499.395080566406,0,17112264704,62914560000,7317831680,0
200,1742991148880,3696,3696,3696,3696,3696,3696,83.46776580810547,79.97373962402344,61.43992233276367,66.13894653320313,62.21867752075195,69.97344207763672,2808.9711303710938,48091.331787109375,34508.155700683594,0,17112264704,62914560000,7357784064,0
4,1742991149081,3696,3696,3696,3696,3696,3696,40.46930694580078,39.6234016418457,41.95464324951172,39.8053092956543,45.282814025878906,39.51820755004883,2809.1724243164063,48096.63269042969,34512.731689453125,0,17112264704,62914560000,7194607616,0
