Delta,Time,CPU_FREQUENCY_0,CPU_FREQUENCY_1,CPU_FREQUENCY_2,CPU_FREQUENCY_3,CPU_FREQUENCY_4,CPU_FREQUENCY_5,CPU_USAGE_0,CPU_USAGE_1,CPU_USAGE_2,CPU_USAGE_3,CPU_USAGE_4,CPU_USAGE_5,DRAM_ENERGY (J),PACKAGE_ENERGY (J),PP0_ENERGY (J),PP1_ENERGY (J),TOTAL_MEMORY,TOTAL_SWAP,USED_MEMORY,USED_SWAP
0,1742991186987,3696,3696,3696,3696,3696,3696,100,100,100,100,100,100,2843.1185913085938,49040.549255371094,35322.018615722656,0,17112264704,62914560000,7232946176,0
199,1742991186987,3696,3696,3696,3696,3696,3696,86.27490234375,88.21690368652344,99.7353515625,90.68180847167969,85.0859146118164,90.19151306152344,2843.1238403320313,49040.65246582031,35322.083435058594,0,17112264704,62914560000,7234666496,0
199,1742991187187,3696,3696,3696,3696,3696,3696,24.703277587890625,53.69587326049805,20.0672607421875,9.732643127441406,15.115928649902344,6.629310607910156,2843.2787475585938,49045.4736328125,35326.210998535156,0,17112264704,62914560000,7258484736,0
200,1742991187387,3696,3696,3696,3696,3696,3696,37.06881332397461,58.55165100097656,8.6209716796875,15.944549560546875,34.691856384277344,17.29271697998047,2843.4883422851563,49051.123596191406,35331.13671875,0,17112264704,62914560000,7273381888,0
200,1742991187588,3696,3696,3696,3696,3696,3696,12.730247497558594,63.19724655151367,4.008453369140625,2.595977783203125,4.156524658203125,40.08197784423828,2843.6534423828125,49056.02215576172,35335.312255859375,0,17112264704,62914560000,7305969664,0
200,1742991187788,3696,3696,3696,3696,3696,3696,8.423881530761719,38.20743942260742,15.187423706054688,19.637664794921875,42.82089614868164,16.063568115234375,2843.8250732421875,49061.07458496094,35339.67810058594,0,17112264704,62914560000,7355666432,0
200,1742991187989,3696,3696,3696,3696,3696,3696,6.229728698730469,35.180877685546875,76.67170715332031,10.752304077148438,13.772003173828125,17.057479858398438,2844.00244140625,49066.43145751953,35344.31787109375,0,17112264704,62914560000,7392337920,0
200,1742991188189,3696,3696,3696,3696,3696,3696,80.256591796875,90.84239959716797,61.638587951660156,57.85103225708008,56.89546203613281,57.593814849853516,2844.1939086914063,49075.379943847656,35352.557067871094,0,17112264704,62914560000,7384510464,0
2,1742991188389,3696,3696,3696,3696,3696,3696,49.31977844238281,40.25970458984375,51.254329681396484,46.496131896972656,41.04209518432617,39.129947662353516,2844.4324951171875,49081.282958984375,35357.71124267578,0,17112264704,62914560000,7255355392,0
