Delta,Time,CPU_FREQUENCY_0,CPU_FREQUENCY_1,CPU_FREQUENCY_2,CPU_FREQUENCY_3,CPU_FREQUENCY_4,CPU_FREQUENCY_5,CPU_USAGE_0,CPU_USAGE_1,CPU_USAGE_2,CPU_USAGE_3,CPU_USAGE_4,CPU_USAGE_5,DRAM_ENERGY (J),PACKAGE_ENERGY (J),PP0_ENERGY (J),PP1_ENERGY (J),TOTAL_MEMORY,TOTAL_SWAP,USED_MEMORY,USED_SWAP
0,1742991151601,3696,3696,3696,3696,3696,3696,100,100,100,100,100,100,2811.4508666992188,48155.33239746094,34562.49377441406,0,17112264704,62914560000,7190597632,0
200,1742991151601,3696,3696,3696,3696,3696,3696,81.1928939819336,99.94441223144531,86.32994842529297,80.49325561523438,80.02427673339844,86.24304962158203,2811.4577026367188,48155.46026611328,34562.593505859375,0,17112264704,62914560000,7190253568,0
200,1742991151802,3696,3696,3696,3696,3696,3696,17.841110229492188,33.1103515625,17.985855102539063,3.0078277587890625,31.463058471679688,23.843475341796875,2811.6068115234375,48160.20495605469,34566.64782714844,0,17112264704,62914560000,7213694976,0
200,1742991152002,3696,3696,3696,3696,3696,3696,17.32318115234375,34.89027404785156,33.65068054199219,20.453880310058594,29.030479431152344,12.698837280273438,2811.7758178710938,48165.326232910156,34571.05792236328,0,17112264704,62914560000,7243079680,0
200,1742991152202,3696,3696,3696,3696,3696,3696,18.765869140625,29.5516357421875,24.425743103027344,37.91440200805664,12.379592895507813,4.965950012207031,2811.9475708007813,48170.1455078125,34575.18341064453,0,17112264704,62914560000,7273758720,0
200,1742991152403,3696,3696,3696,3696,3696,3696,10.972503662109375,36.037113189697266,59.305381774902344,36.00534439086914,6.514488220214844,18.881019592285156,2812.148681640625,48175.70715332031,34580.01403808594,0,17112264704,62914560000,7304728576,0
200,1742991152603,3696,3696,3696,3696,3696,3696,2.328338623046875,23.403480529785156,31.082550048828125,2.2497711181640625,36.244384765625,32.69464111328125,2812.3142700195313,48180.521728515625,34584.13018798828,0,17112264704,62914560000,7323496448,0
199,1742991152804,3696,3696,3696,3696,3696,3696,44.0521125793457,46.895565032958984,54.71684646606445,42.82231903076172,44.15574645996094,88.69994354248047,2812.46826171875,48188.50305175781,34591.420166015625,0,17112264704,62914560000,7349579776,0
3,1742991153004,3696,3696,3696,3696,3696,3696,49.7135009765625,51.08843994140625,48.32213592529297,52.97147750854492,54.66801071166992,48.33327102661133,2812.6962280273438,48194.54510498047,34596.7060546875,0,17112264704,62914560000,7209168896,0
