Delta,Time,CPU_FREQUENCY_0,CPU_FREQUENCY_1,CPU_FREQUENCY_2,CPU_FREQUENCY_3,CPU_FREQUENCY_4,CPU_FREQUENCY_5,CPU_USAGE_0,CPU_USAGE_1,CPU_USAGE_2,CPU_USAGE_3,CPU_USAGE_4,CPU_USAGE_5,DRAM_ENERGY (J),PACKAGE_ENERGY (J),PP0_ENERGY (J),PP1_ENERGY (J),TOTAL_MEMORY,TOTAL_SWAP,USED_MEMORY,USED_SWAP
0,1742991141776,3696,3696,3696,3696,3696,3696,6.074249267578125,45.20576858520508,45.16547775268555,5.6585540771484375,19.14366912841797,52.41965866088867,2802.6005859375,47909.68280029297,34351.76892089844,0,17112264704,62914560000,7154835456,0
200,1742991141777,3696,3696,3696,3696,3696,3696,100,100,100,100,100,100,2802.6039428710938,47909.740234375,34351.82080078125,0,17112264704,62914560000,7155007488,0
200,1742991141977,3696,3696,3696,3696,3696,3696,14.501876831054688,39.099796295166016,33.72657775878906,8.180526733398438,40.72529602050781,13.986518859863281,2802.7603149414063,47914.70068359375,34356.05596923828,0,17112264704,62914560000,7182843904,0
200,1742991142178,3696,3696,3696,3696,3696,3696,61.44911575317383,22.070289611816406,34.23974609375,3.2030105590820313,23.70403289794922,8.412101745605469,2802.941162109375,47920.004638671875,34360.64318847656,0,17112264704,62914560000,7231602688,0
200,1742991142378,3696,3696,3696,3696,3696,3696,22.218231201171875,68.98921203613281,36.63994216918945,13.174545288085938,24.456398010253906,22.259796142578125,2803.1450805664063,47925.73016357422,34365.66345214844,0,17112264704,62914560000,7237918720,0
200,1742991142578,3696,3696,3696,3696,3696,3696,13.100234985351563,62.960182189941406,15.323944091796875,22.227561950683594,9.022575378417969,26.809959411621094,2803.3145141601563,47930.922424316406,34370.1552734375,0,17112264704,62914560000,7274102784,0
200,1742991142778,3696,3696,3696,3696,3696,3696,34.48681640625,27.454483032226563,2.7240676879882813,15.528701782226563,3.870513916015625,34.045562744140625,2803.4760131835938,47935.649475097656,34374.18493652344,0,17112264704,62914560000,7287672832,0
200,1742991142979,3696,3696,3696,3696,3696,3696,66.4385986328125,90.02545166015625,54.92316436767578,56.06053924560547,53.17690658569336,57.280303955078125,2803.6607666015625,47944.252502441406,34382.07092285156,0,17112264704,62914560000,7313309696,0
2,1742991143180,3696,3696,3696,3696,3696,3696,49.37622833251953,39.56953048706055,37.886409759521484,48.24430847167969,43.18123245239258,46.410308837890625,2803.9369506835938,47949.9609375,34387.01971435547,0,17112264704,62914560000,7181115392,0
