Delta,Time,CPU_FREQUENCY_0,CPU_FREQUENCY_1,CPU_FREQUENCY_2,CPU_FREQUENCY_3,CPU_FREQUENCY_4,CPU_FREQUENCY_5,CPU_USAGE_0,CPU_USAGE_1,CPU_USAGE_2,CPU_USAGE_3,CPU_USAGE_4,CPU_USAGE_5,DRAM_ENERGY (J),PACKAGE_ENERGY (J),PP0_ENERGY (J),PP1_ENERGY (J),TOTAL_MEMORY,TOTAL_SWAP,USED_MEMORY,USED_SWAP
0,1742991173269,3696,3696,3696,3696,3696,3696,100,100,100,100,100,100,2831.0054321289063,48701.12841796875,35031.29119873047,0,17112264704,62914560000,7248179200,0
200,1742991173269,3696,3696,3696,3696,3696,3696,100,100,100,100,100,100,2831.0123291015625,48701.260314941406,35031.395080566406,0,17112264704,62914560000,7249186816,0
200,1742991173469,3696,3696,3696,3696,3696,3696,27.741493225097656,53.81796646118164,28.42620849609375,12.516769409179688,10.863594055175781,42.993370056152344,2831.179443359375,48706.30090332031,35035.71643066406,0,17112264704,62914560000,7273811968,0
200,1742991173670,3696,3696,3696,3696,3696,3696,15.362541198730469,26.919631958007813,21.91766357421875,16.5927734375,49.48103713989258,18.032264709472656,2831.3433837890625,48711.530212402344,35040.242919921875,0,17112264704,62914560000,7309848576,0
199,1742991173870,3696,3696,3696,3696,3696,3696,16.587181091308594,55.6414680480957,24.807945251464844,21.517654418945313,21.100196838378906,25.95830535888672,2831.5404052734375,48716.82763671875,35044.84655761719,0,17112264704,62914560000,7318237184,0
200,1742991174070,3696,3696,3696,3696,3696,3696,42.282623291015625,69.34878540039063,42.20881271362305,16.387710571289063,17.501510620117188,27.37871551513672,2831.7880859375,48723.09747314453,35050.38214111328,0,17112264704,62914560000,7357906944,0
200,1742991174270,3696,3696,3696,3696,3696,3696,2.4753799438476563,90.78597259521484,5.042778015136719,8.630767822265625,2.8653335571289063,5.488189697265625,2831.9468383789063,48727.67694091797,35054.24755859375,0,17112264704,62914560000,7379066880,0
200,1742991174471,3696,3696,3696,3696,3696,3696,66.31932067871094,87.79383850097656,55.063987731933594,62.36436080932617,54.62447738647461,56.454383850097656,2832.1287841796875,48736.388122558594,35062.27331542969,0,17112264704,62914560000,7386968064,0
4,1742991174671,3696,3696,3696,3696,3696,3696,38.38248825073242,39.02278518676758,40.875484466552734,38.408416748046875,38.70261001586914,50.36468505859375,2832.3282470703125,48741.60076904297,35066.72961425781,0,17112264704,62914560000,7246790656,0
