Delta,Time,CPU_FREQUENCY_0,CPU_FREQUENCY_1,CPU_FREQUENCY_2,CPU_FREQUENCY_3,CPU_FREQUENCY_4,CPU_FREQUENCY_5,CPU_USAGE_0,CPU_USAGE_1,CPU_USAGE_2,CPU_USAGE_3,CPU_USAGE_4,CPU_USAGE_5,DRAM_ENERGY (J),PACKAGE_ENERGY (J),PP0_ENERGY (J),PP1_ENERGY (J),TOTAL_MEMORY,TOTAL_SWAP,USED_MEMORY,USED_SWAP
0,1742991157485,3696,3696,3696,3696,3696,3696,100,100,100,100,100,100,2816.9343872070313,48308.864807128906,34695.04864501953,0,17112264704,62914560000,7233843200,0
200,1742991157485,3696,3696,3696,3696,3696,3696,90.3028335571289,99.40060424804688,89.57550048828125,86.90604400634766,97.62608337402344,98.03165435791016,2816.9387817382813,48308.942138671875,34695.139892578125,0,17112264704,62914560000,7233904640,0
200,1742991157685,3696,3696,3696,3696,3696,3696,11.244895935058594,66.43174743652344,34.32554626464844,24.218490600585938,29.496109008789063,22.70250701904297,2817.11376953125,48314.62463378906,34700.118225097656,0,17112264704,62914560000,7262679040,0
200,1742991157886,3696,3696,3696,3696,3696,3696,29.480270385742188,20.25334930419922,4.3881683349609375,3.4724807739257813,69.27654266357422,7.5465087890625,2817.278076171875,48319.6513671875,34704.4267578125,0,17112264704,62914560000,7298719744,0
200,1742991158086,3696,3696,3696,3696,3696,3696,13.876823425292969,20.712081909179688,21.871902465820313,29.487655639648438,41.02318572998047,7.1611175537109375,2817.449951171875,48324.54376220703,34708.61975097656,0,17112264704,62914560000,7330938880,0
200,1742991158287,3696,3696,3696,3696,3696,3696,20.634422302246094,77.64361572265625,3.8942413330078125,4.533058166503906,15.840560913085938,9.819961547851563,2817.6203002929688,48329.41717529297,34712.76721191406,0,17112264704,62914560000,7371722752,0
200,1742991158487,3696,3696,3696,3696,3696,3696,1.629302978515625,93.64591217041016,11.487838745117188,1.7997970581054688,7.201133728027344,2.0404052734375,2817.7801513671875,48334.19207763672,34716.83142089844,0,17112264704,62914560000,7390539776,0
200,1742991158688,3696,3696,3696,3696,3696,3696,67.42324829101563,77.10940551757813,88.4098129272461,80.76103210449219,69.28812408447266,75.27867889404297,2818.0357055664063,48343.9169921875,34725.83154296875,0,17112264704,62914560000,7409655808,0
5,1742991158888,3696,3696,3696,3696,3696,3696,35.863182067871094,33.485252380371094,33.19499206542969,33.02296447753906,33.06858825683594,43.07026290893555,2818.2357177734375,48348.769592285156,34729.94952392578,0,17112264704,62914560000,7230111744,0
