Delta,Time,CPU_FREQUENCY_0,CPU_FREQUENCY_1,CPU_FREQUENCY_2,CPU_FREQUENCY_3,CPU_FREQUENCY_4,CPU_FREQUENCY_5,CPU_USAGE_0,CPU_USAGE_1,CPU_USAGE_2,CPU_USAGE_3,CPU_USAGE_4,CPU_USAGE_5,DRAM_ENERGY (J),PACKAGE_ENERGY (J),PP0_ENERGY (J),PP1_ENERGY (J),TOTAL_MEMORY,TOTAL_SWAP,USED_MEMORY,USED_SWAP
0,1742991143724,3696,3696,3696,3696,3696,3696,100,100,100,100,100,100,2804.3443603515625,47957.644104003906,34392.78955078125,0,17112264704,62914560000,7178440704,0
200,1742991143724,3696,3696,3696,3696,3696,3696,93.62376403808594,99.70682525634766,94.76589965820313,93.20708465576172,94.1134262084961,93.1365966796875,2804.3480834960938,47957.71466064453,34392.88836669922,0,17112264704,62914560000,7180566528,0
200,1742991143925,3696,3696,3696,3696,3696,3696,11.936576843261719,67.00106048583984,26.18859100341797,14.365509033203125,9.422294616699219,20.977012634277344,2804.520751953125,47962.90203857422,34397.331787109375,0,17112264704,62914560000,7188111360,0
200,1742991144125,3696,3696,3696,3696,3696,3696,16.969329833984375,80.02473449707031,10.742950439453125,2.2871780395507813,27.54547119140625,9.503067016601563,2804.6859741210938,47968.17724609375,34401.90704345703,0,17112264704,62914560000,7230550016,0
200,1742991144325,3696,3696,3696,3696,3696,3696,25.989837646484375,83.04000854492188,11.820602416992188,7.4202728271484375,6.3047943115234375,7.3743438720703125,2804.8718872070313,47973.22546386719,34406.229248046875,0,17112264704,62914560000,7262310400,0
200,1742991144526,3696,3696,3696,3696,3696,3696,18.976089477539063,52.18074417114258,49.35826873779297,28.034927368164063,17.898040771484375,21.196243286132813,2805.0694580078125,47979.091552734375,34411.39129638672,0,17112264704,62914560000,7326441472,0
200,1742991144726,3696,3696,3696,3696,3696,3696,8.976593017578125,21.93773651123047,66.37774658203125,15.716194152832031,2.0694808959960938,1.0486602783203125,2805.2244262695313,47983.68542480469,34415.303466796875,0,17112264704,62914560000,7320244224,0
200,1742991144926,3696,3696,3696,3696,3696,3696,75.90889739990234,68.63162231445313,76.80787658691406,67.27262878417969,61.6915397644043,62.627403259277344,2805.41650390625,47992.70788574219,34423.62713623047,0,17112264704,62914560000,7343374336,0
6,1742991145127,3696,3696,3696,3696,3696,3696,41.96750259399414,39.45823669433594,40.55915832519531,38.58406066894531,34.32514190673828,50.292381286621094,2805.6356811523438,47998.14099121094,34428.283630371094,0,17112264704,62914560000,7162613760,0
