Delta,Time,CPU_FREQUENCY_0,CPU_FREQUENCY_1,CPU_FREQUENCY_2,CPU_FREQUENCY_3,CPU_FREQUENCY_4,CPU_FREQUENCY_5,CPU_USAGE_0,CPU_USAGE_1,CPU_USAGE_2,CPU_USAGE_3,CPU_USAGE_4,CPU_USAGE_5,DRAM_ENERGY (J),PACKAGE_ENERGY (J),PP0_ENERGY (J),PP1_ENERGY (J),TOTAL_MEMORY,TOTAL_SWAP,USED_MEMORY,USED_SWAP
0,1742991175260,3696,3696,3696,3696,3696,3696,100,100,100,100,100,100,2832.8342895507813,48751.213806152344,35074.270446777344,0,17112264704,62914560000,7229214720,0
200,1742991175260,3696,3696,3696,3696,3696,3696,100,100,100,100,100,100,2832.8386840820313,48751.28564453125,35074.34942626953,0,17112264704,62914560000,7230255104,0
200,1742991175460,3696,3696,3696,3696,3696,3696,37.664127349853516,65.51219177246094,36.18837356567383,13.723129272460938,10.186187744140625,19.83863067626953,2833.0226440429688,48756.61767578125,35078.974853515625,0,17112264704,62914560000,7266824192,0
200,1742991175661,3696,3696,3696,3696,3696,3696,18.07086944580078,68.51807403564453,19.81635284423828,6.344749450683594,12.017570495605469,16.573104858398438,2833.1871337890625,48761.65490722656,35083.276123046875,0,17112264704,62914560000,7301246976,0
200,1742991175861,3696,3696,3696,3696,3696,3696,7.1945343017578125,32.967124938964844,28.180030822753906,10.55975341796875,48.03704071044922,9.422836303710938,2833.3576049804688,48766.592041015625,35087.526123046875,0,17112264704,62914560000,7331459072,0
200,1742991176061,3696,3696,3696,3696,3696,3696,19.25139617919922,36.13832092285156,57.975467681884766,10.595710754394531,12.931953430175781,30.180679321289063,2833.558837890625,48772.09460449219,35092.317321777344,0,17112264704,62914560000,7380283392,0
199,1742991176262,3696,3696,3696,3696,3696,3696,6.074409484863281,81.24298858642578,20.315658569335938,0.834259033203125,4.295623779296875,5.0405120849609375,2833.719970703125,48776.744140625,35096.25360107422,0,17112264704,62914560000,7401443328,0
200,1742991176462,3696,3696,3696,3696,3696,3696,65.2890396118164,99.94223022460938,65.36260223388672,65.2474594116211,65.1795425415039,65.76809692382813,2833.9219360351563,48785.83074951172,35104.62744140625,0,17112264704,62914560000,7368724480,0
5,1742991176663,3696,3696,3696,3696,3696,3696,25.029319763183594,28.946556091308594,33.74482727050781,25.844985961914063,25.012229919433594,32.84880065917969,2834.0919189453125,48789.92724609375,35107.981689453125,0,17112264704,62914560000,7227969536,0
