Delta,Time,CPU_FREQUENCY_0,CPU_FREQUENCY_1,CPU_FREQUENCY_2,CPU_FREQUENCY_3,CPU_FREQUENCY_4,CPU_FREQUENCY_5,CPU_USAGE_0,CPU_USAGE_1,CPU_USAGE_2,CPU_USAGE_3,CPU_USAGE_4,CPU_USAGE_5,DRAM_ENERGY (J),PACKAGE_ENERGY (J),PP0_ENERGY (J),PP1_ENERGY (J),TOTAL_MEMORY,TOTAL_SWAP,USED_MEMORY,USED_SWAP
0,1742991165457,3696,3696,3696,3696,3696,3696,100,100,100,100,100,100,2823.9854736328125,48503.08349609375,34860.990966796875,0,17112264704,62914560000,7251914752,0
200,1742991165457,3696,3696,3696,3696,3696,3696,93.26557159423828,98.53102111816406,85.21302795410156,86.21536254882813,88.72566986083984,89.49979400634766,2823.99072265625,48503.181884765625,34861.05944824219,0,17112264704,62914560000,7251775488,0
199,1742991165658,3696,3696,3696,3696,3696,3696,19.81340789794922,46.89452362060547,11.929733276367188,23.961334228515625,8.444847106933594,40.60996627807617,2824.1514892578125,48508.28692626953,34865.47296142578,0,17112264704,62914560000,7263182848,0
200,1742991165858,3696,3696,3696,3696,3696,3696,14.763092041015625,29.479896545410156,38.54536437988281,7.061286926269531,35.143592834472656,11.915969848632813,2824.3186645507813,48513.350341796875,34869.819885253906,0,17112264704,62914560000,7299497984,0
200,1742991166059,3696,3696,3696,3696,3696,3696,7.877777099609375,49.98366928100586,5.987739562988281,12.447334289550781,41.735958099365234,7.826263427734375,2824.4854125976563,48518.12341308594,34873.873596191406,0,17112264704,62914560000,7331168256,0
200,1742991166259,3696,3696,3696,3696,3696,3696,26.380943298339844,51.77457046508789,28.855003356933594,67.88544464111328,34.970909118652344,40.80904006958008,2824.7247314453125,48524.751037597656,34879.78936767578,0,17112264704,62914560000,7415218176,0
200,1742991166459,3696,3696,3696,3696,3696,3696,9.626876831054688,82.05440521240234,1.582489013671875,4.51202392578125,5.063194274902344,7.438690185546875,2824.8804321289063,48529.103454589844,34883.43865966797,0,17112264704,62914560000,7407423488,0
200,1742991166659,3696,3696,3696,3696,3696,3696,62.05600357055664,77.43916320800781,60.66130828857422,80.23568725585938,63.24275207519531,62.20669174194336,2825.0714721679688,48538.06750488281,34891.680419921875,0,17112264704,62914560000,7422533632,0
2,1742991166860,3696,3696,3696,3696,3696,3696,41.16812515258789,43.9703254699707,37.331146240234375,38.701541900634766,48.7264404296875,41.58857345581055,2825.2894287109375,48543.60772705078,34896.4970703125,0,17112264704,62914560000,7281987584,0
