Delta,Time,CPU_FREQUENCY_0,CPU_FREQUENCY_1,CPU_FREQUENCY_2,CPU_FREQUENCY_3,CPU_FREQUENCY_4,CPU_FREQUENCY_5,CPU_USAGE_0,CPU_USAGE_1,CPU_USAGE_2,CPU_USAGE_3,CPU_USAGE_4,CPU_USAGE_5,DRAM_ENERGY (J),PACKAGE_ENERGY (J),PP0_ENERGY (J),PP1_ENERGY (J),TOTAL_MEMORY,TOTAL_SWAP,USED_MEMORY,USED_SWAP
0,1742991192807,3696,3696,3696,3696,3696,3696,100,100,100,100,100,100,2848.22412109375,49185.66650390625,35446.4365234375,0,17112264704,62914560000,7245058048,0
199,1742991192807,3696,3696,3696,3696,3696,3696,66.12518310546875,92.57512664794922,99.80741882324219,67.0362548828125,66.26785278320313,81.15791320800781,2848.23486328125,49185.837463378906,35446.600341796875,0,17112264704,62914560000,7244955648,0
200,1742991193007,3696,3696,3696,3696,3696,3696,7.062904357910156,84.51781463623047,9.941146850585938,5.43914794921875,9.91973876953125,14.396942138671875,2848.3827514648438,49190.614685058594,35450.691955566406,0,17112264704,62914560000,7251431424,0
200,1742991193208,3696,3696,3696,3696,3696,3696,16.76380157470703,61.0618782043457,49.387451171875,8.9609375,5.0277557373046875,7.636589050292969,2848.5541381835938,49195.906188964844,35455.258850097656,0,17112264704,62914560000,7290564608,0
200,1742991193408,3696,3696,3696,3696,3696,3696,23.979278564453125,56.532230377197266,36.87018585205078,28.87126922607422,6.491546630859375,13.753150939941406,2848.76953125,49201.50225830078,35460.13690185547,0,17112264704,62914560000,7320100864,0
200,1742991193608,3696,3696,3696,3696,3696,3696,14.519775390625,40.09424591064453,21.395675659179688,9.306098937988281,39.62600326538086,3.9026565551757813,2848.9312133789063,49206.397216796875,35464.34161376953,0,17112264704,62914560000,7373041664,0
200,1742991193809,3696,3696,3696,3696,3696,3696,8.940483093261719,74.27198028564453,14.338417053222656,14.147964477539063,1.8596343994140625,10.785041809082031,2849.0955200195313,49211.10400390625,35468.329833984375,0,17112264704,62914560000,7389122560,0
200,1742991194009,3696,3696,3696,3696,3696,3696,62.0167236328125,73.41768646240234,71.61982727050781,83.01007080078125,59.76742935180664,61.345157623291016,2849.2849731445313,49220.27813720703,35476.82458496094,0,17112264704,62914560000,7405764608,0
3,1742991194210,3696,3696,3696,3696,3696,3696,42.31789779663086,48.44069290161133,40.848777770996094,42.5333366394043,44.00181579589844,39.41757583618164,2849.4801635742188,49225.22119140625,35481.035705566406,0,17112264704,62914560000,7240937472,0
