Delta,Time,CPU_FREQUENCY_0,CPU_FREQUENCY_1,CPU_FREQUENCY_2,CPU_FREQUENCY_3,CPU_FREQUENCY_4,CPU_FREQUENCY_5,CPU_USAGE_0,CPU_USAGE_1,CPU_USAGE_2,CPU_USAGE_3,CPU_USAGE_4,CPU_USAGE_5,DRAM_ENERGY (J),PACKAGE_ENERGY (J),PP0_ENERGY (J),PP1_ENERGY (J),TOTAL_MEMORY,TOTAL_SWAP,USED_MEMORY,USED_SWAP
0,1742991188961,3696,3696,3696,3696,3696,3696,100,100,100,100,100,100,2844.8587036132813,49089.22607421875,35363.67419433594,0,17112264704,62914560000,7225159680,0
200,1742991188961,3696,3696,3696,3696,3696,3696,100,100,100,100,100,100,2844.86328125,49089.315490722656,35363.73498535156,0,17112264704,62914560000,7225057280,0
199,1742991189162,3696,3696,3696,3696,3696,3696,18.047164916992188,54.092586517333984,47.36473846435547,18.289772033691406,11.407501220703125,15.516242980957031,2845.0203857421875,49094.28338623047,35367.99304199219,0,17112264704,62914560000,7249121280,0
200,1742991189362,3696,3696,3696,3696,3696,3696,29.914306640625,38.19481658935547,39.08388137817383,14.881027221679688,21.09100341796875,8.321563720703125,2845.2052001953125,49099.60888671875,35372.62683105469,0,17112264704,62914560000,7288635392,0
200,1742991189562,3696,3696,3696,3696,3696,3696,45.76011657714844,31.33062744140625,14.592422485351563,1.9934768676757813,27.802139282226563,11.888511657714844,2845.3715209960938,49104.60626220703,35376.906311035156,0,17112264704,62914560000,7318261760,0
200,1742991189762,3696,3696,3696,3696,3696,3696,15.468902587890625,31.06554412841797,27.42462158203125,34.1326904296875,19.86132049560547,7.4281158447265625,2845.537841796875,49109.61315917969,35381.22839355469,0,17112264704,62914560000,7370358784,0
200,1742991189963,3696,3696,3696,3696,3696,3696,9.987060546875,9.279434204101563,93.07575988769531,4.056266784667969,0.68603515625,2.9356460571289063,2845.703369140625,49114.25714111328,35385.140563964844,0,17112264704,62914560000,7389458432,0
200,1742991190163,3696,3696,3696,3696,3696,3696,93.5246810913086,69.92437744140625,67.02998352050781,74.54450225830078,67.32664489746094,67.81880187988281,2845.9227294921875,49123.74645996094,35393.94250488281,0,17112264704,62914560000,7382753280,0
1,1742991190364,3696,3696,3696,3696,3696,3696,35.97075653076172,24.37939453125,32.1334228515625,35.040000915527344,23.432418823242188,39.55754470825195,2846.1567993164063,49128.85119628906,35398.27587890625,0,17112264704,62914560000,7230820352,0
