Delta,Time,CPU_FREQUENCY_0,CPU_FREQUENCY_1,CPU_FREQUENCY_2,CPU_FREQUENCY_3,CPU_FREQUENCY_4,CPU_FREQUENCY_5,CPU_USAGE_0,CPU_USAGE_1,CPU_USAGE_2,CPU_USAGE_3,CPU_USAGE_4,CPU_USAGE_5,DRAM_ENERGY (J),PACKAGE_ENERGY (J),PP0_ENERGY (J),PP1_ENERGY (J),TOTAL_MEMORY,TOTAL_SWAP,USED_MEMORY,USED_SWAP
0,1742991185026,3696,3696,3696,3696,3696,3696,100,100,100,100,100,100,2841.412109375,48992.537170410156,35280.93225097656,0,17112264704,62914560000,7230644224,0
200,1742991185026,3696,3696,3696,3696,3696,3696,100,100,100,100,100,100,2841.4151000976563,48992.613708496094,35281.01727294922,0,17112264704,62914560000,7232303104,0
200,1742991185227,3696,3696,3696,3696,3696,3696,28.67467498779297,51.807132720947266,26.96198272705078,35.382957458496094,20.816184997558594,18.630584716796875,2841.5764770507813,48998.035888671875,35285.717834472656,0,17112264704,62914560000,7257415680,0
200,1742991185427,3696,3696,3696,3696,3696,3696,30.10772705078125,14.560836791992188,22.638931274414063,20.620765686035156,55.221343994140625,27.673919677734375,2841.7781372070313,49003.67077636719,35290.63800048828,0,17112264704,62914560000,7302557696,0
200,1742991185627,3696,3696,3696,3696,3696,3696,32.86553192138672,46.90741729736328,11.947807312011719,23.010757446289063,5.9776458740234375,13.938705444335938,2841.9517211914063,49008.61608886719,35294.889404296875,0,17112264704,62914560000,7332651008,0
200,1742991185828,3696,3696,3696,3696,3696,3696,65.82234191894531,42.135154724121094,21.957855224609375,18.30522918701172,15.583831787109375,17.78125762939453,2842.1482543945313,49014.31024169922,35299.844482421875,0,17112264704,62914560000,7394836480,0
200,1742991186028,3696,3696,3696,3696,3696,3696,71.9402847290039,34.14067840576172,12.015190124511719,5.7357635498046875,3.9310302734375,3.4100570678710938,2842.3103637695313,49019.049865722656,35303.88684082031,0,17112264704,62914560000,7352086528,0
200,1742991186228,3696,3696,3696,3696,3696,3696,60.210880279541016,88.69598388671875,69.11587524414063,58.78887176513672,58.87758255004883,61.271358489990234,2842.504638671875,49027.93096923828,35312.04260253906,0,17112264704,62914560000,7373611008,0
4,1742991186429,3696,3696,3696,3696,3696,3696,33.81555938720703,37.94948196411133,38.3720703125,29.194908142089844,29.225624084472656,33.980926513671875,2842.6981811523438,49032.581298828125,35315.971252441406,0,17112264704,62914560000,7236718592,0
